filename,OBJECT,RA,DEC,DATE-OBS,TIME-OBS,JD,EXPTIME,SECZ,CCDFLTID,IRFLTID,TILT1,TILT2,TILT3,Location,prop name help,Physical loc,proper name,xrb,filter num,datetimeobs,nice time,in filt pattern
rccd180220.0136.fits,J1813-095,18:13:33.99,-09:31:59.1,2018-02-21,09:05:49.139,2458170.87904,180.0,1.81,I,H,1040,1590,1960,opticaldirecs/xrb_ccd/,ccd,Disk,J1813-095,True,3.0,2458170.87904,2018-02-21 09:05:49.056,1
rccd180220.0137.fits,J1813-095,18:13:34.10,-09:32:01.6,2018-02-21,09:09:35.164,2458170.88166,180.0,1.78,V,J,1040,1590,1960,opticaldirecs/xrb_ccd/,ccd,Disk,J1813-095,True,1.0,2458170.88166,2018-02-21 09:09:35.424,1
rccd180220.0138.fits,J1813-095,18:13:34.18,-09:32:02.9,2018-02-21,09:13:20.223,2458170.88426,240.0,1.74,B,K,1040,1590,1960,opticaldirecs/xrb_ccd/,ccd,Disk,J1813-095,True,0.0,2458170.88426,2018-02-21 09:13:20.064,1
rccd180220.0139.fits,J1813-095,18:13:34.20,-09:32:04.1,2018-02-21,09:18:37.516,2458170.88794,180.0,1.69,I,H,1040,1590,1960,opticaldirecs/xrb_ccd/,ccd,Disk,J1813-095,True,3.0,2458170.88794,2018-02-21 09:18:38.016,1
rccd180220.0140.fits,J1813-095,18:13:34.19,-09:32:05.1,2018-02-21,09:22:23.500,2458170.89055,180.0,1.66,V,J,1040,1590,1960,opticaldirecs/xrb_ccd/,ccd,Disk,J1813-095,True,1.0,2458170.89055,2018-02-21 09:22:23.520,1
rccd180220.0141.fits,J1813-095,18:13:34.14,-09:32:05.8,2018-02-21,09:26:08.883,2458170.89316,240.0,1.63,B,K,1040,1590,1960,opticaldirecs/xrb_ccd/,ccd,Disk,J1813-095,True,0.0,2458170.89316,2018-02-21 09:26:09.024,1
rccd180221.0118.fits,J1813-095,18:13:33.99,-09:31:59.1,2018-02-22,08:43:33.087,2458171.86358,240.0,2.03,I,H,1040,1630,1920,opticaldirecs/xrb_ccd/,ccd,Disk,J1813-095,True,3.0,2458171.86358,2018-02-22 08:43:33.312,1
rccd180221.0119.fits,J1813-095,18:13:34.08,-09:32:01.1,2018-02-22,08:48:19.052,2458171.86689,240.0,1.97,V,J,1040,1630,1920,opticaldirecs/xrb_ccd/,ccd,Disk,J1813-095,True,1.0,2458171.86689,2018-02-22 08:48:19.296,1
rccd180221.0120.fits,J1813-095,18:13:34.06,-09:32:02.8,2018-02-22,08:53:03.863,2458171.87018,240.0,1.91,B,K,1040,1630,1920,opticaldirecs/xrb_ccd/,ccd,Disk,J1813-095,True,0.0,2458171.87018,2018-02-22 08:53:03.552,1
rccd180222.0133.fits,J1813-095,18:13:34.00,-09:31:58.9,2018-02-23,09:00:14.342,2458172.87516,240.0,1.79,I,H,1040,1590,1960,opticaldirecs/xrb_ccd/,ccd,Disk,J1813-095,True,3.0,2458172.87516,2018-02-23 09:00:13.824,1
rccd180222.0134.fits,J1813-095,18:13:34.11,-09:32:01.1,2018-02-23,09:05:00.047,2458172.87847,240.0,1.75,V,J,1040,1590,1960,opticaldirecs/xrb_ccd/,ccd,Disk,J1813-095,True,1.0,2458172.87847,2018-02-23 09:04:59.808,1
rccd180222.0135.fits,J1813-095,18:13:34.17,-09:32:02.0,2018-02-23,09:09:44.506,2458172.88176,240.0,1.7,B,K,1040,1590,1960,opticaldirecs/xrb_ccd/,ccd,Disk,J1813-095,True,0.0,2458172.88176,2018-02-23 09:09:44.064,1
rccd180222.0136.fits,J1813-095,18:13:34.17,-09:32:03.4,2018-02-23,09:15:35.338,2458172.88582,240.0,1.65,I,H,1040,1590,1960,opticaldirecs/xrb_ccd/,ccd,Disk,J1813-095,True,3.0,2458172.88582,2018-02-23 09:15:34.848,1
rccd180222.0137.fits,J1813-095,18:13:34.10,-09:32:04.2,2018-02-23,09:20:21.179,2458172.88913,240.0,1.62,V,J,1040,1590,1960,opticaldirecs/xrb_ccd/,ccd,Disk,J1813-095,True,1.0,2458172.88913,2018-02-23 09:20:20.832,1
rccd180222.0138.fits,J1813-095,18:13:34.01,-09:32:05.3,2018-02-23,09:25:05.867,2458172.89243,240.0,1.58,B,K,1040,1590,1960,opticaldirecs/xrb_ccd/,ccd,Disk,J1813-095,True,0.0,2458172.89243,2018-02-23 09:25:05.952,1
rccd180223.0138.fits,J1813-095,18:13:33.97,-09:31:59.1,2018-02-24,09:07:51.863,2458173.88046,240.0,1.69,I,H,1040,1590,1960,opticaldirecs/xrb_ccd/,ccd,Disk,J1813-095,True,3.0,2458173.88046,2018-02-24 09:07:51.744,1
rccd180223.0139.fits,J1813-095,18:13:33.93,-09:32:02.4,2018-02-24,09:12:37.720,2458173.88377,240.0,1.65,V,J,1040,1590,1960,opticaldirecs/xrb_ccd/,ccd,Disk,J1813-095,True,1.0,2458173.88377,2018-02-24 09:12:37.728,1
rccd180223.0140.fits,J1813-095,18:13:33.85,-09:32:04.2,2018-02-24,09:17:22.251,2458173.88706,240.0,1.61,B,K,1040,1590,1960,opticaldirecs/xrb_ccd/,ccd,Disk,J1813-095,True,0.0,2458173.88706,2018-02-24 09:17:21.984,1
rccd180224.0129.fits,J1813-095,18:13:34.00,-09:31:59.5,2018-02-25,09:02:17.600,2458174.87659,240.0,1.7,I,H,1040,1590,1960,opticaldirecs/xrb_ccd/,ccd,Disk,J1813-095,True,3.0,2458174.87659,2018-02-25 09:02:17.376,1
rccd180224.0130.fits,J1813-095,18:13:33.98,-09:32:02.6,2018-02-25,09:07:03.545,2458174.8799,240.0,1.66,V,J,1040,1590,1960,opticaldirecs/xrb_ccd/,ccd,Disk,J1813-095,True,1.0,2458174.8799,2018-02-25 09:07:03.360,1
rccd180224.0131.fits,J1813-095,18:13:33.90,-09:32:04.1,2018-02-25,09:11:48.218,2458174.8832,240.0,1.62,B,K,1040,1590,1960,opticaldirecs/xrb_ccd/,ccd,Disk,J1813-095,True,0.0,2458174.8832,2018-02-25 09:11:48.480,1
rccd180225.0124.fits,J1813-095,18:13:33.97,-09:31:59.0,2018-02-26,08:36:23.517,2458175.85861,240.0,1.92,I,H,1040,1590,1960,opticaldirecs/xrb_ccd/,ccd,Disk,J1813-095,True,3.0,2458175.85861,2018-02-26 08:36:23.904,1
rccd180225.0125.fits,J1813-095,18:13:33.94,-09:31:59.1,2018-02-26,08:41:09.934,2458175.86192,240.0,1.87,V,J,1040,1590,1960,opticaldirecs/xrb_ccd/,ccd,Disk,J1813-095,True,1.0,2458175.86192,2018-02-26 08:41:09.888,1
rccd180225.0126.fits,J1813-095,18:13:34.02,-09:31:59.4,2018-02-26,08:45:54.996,2458175.86522,240.0,1.82,B,K,1040,1590,1960,opticaldirecs/xrb_ccd/,ccd,Disk,J1813-095,True,0.0,2458175.86522,2018-02-26 08:45:55.008,1
rccd180226.0143.fits,J1813-095,18:13:33.99,-09:31:59.0,2018-02-27,08:30:06.714,2458176.85425,240.0,1.95,I,H,1040,1590,1960,opticaldirecs/xrb_ccd/,ccd,Disk,J1813-095,True,3.0,2458176.85425,2018-02-27 08:30:07.200,1
rccd180226.0144.fits,J1813-095,18:13:34.00,-09:32:00.4,2018-02-27,08:34:52.868,2458176.85756,240.0,1.89,V,J,1040,1590,1960,opticaldirecs/xrb_ccd/,ccd,Disk,J1813-095,True,1.0,2458176.85756,2018-02-27 08:34:53.184,1
rccd180226.0145.fits,J1813-095,18:13:34.07,-09:32:00.9,2018-02-27,08:39:37.427,2458176.86086,240.0,1.84,B,K,1040,1590,1960,opticaldirecs/xrb_ccd/,ccd,Disk,J1813-095,True,0.0,2458176.86086,2018-02-27 08:39:38.304,1
rccd180226.0146.fits,J1813-095,18:13:34.29,-09:32:01.5,2018-02-27,08:48:43.811,2458176.86718,240.0,1.75,I,H,1040,1590,1960,opticaldirecs/xrb_ccd/,ccd,Disk,J1813-095,True,3.0,2458176.86718,2018-02-27 08:48:44.352,1
rccd180226.0147.fits,J1813-095,18:13:34.32,-09:32:02.1,2018-02-27,08:53:29.455,2458176.87049,240.0,1.71,V,J,1040,1590,1960,opticaldirecs/xrb_ccd/,ccd,Disk,J1813-095,True,1.0,2458176.87049,2018-02-27 08:53:30.336,1
rccd180226.0148.fits,J1813-095,18:13:34.28,-09:32:03.0,2018-02-27,08:58:14.162,2458176.87378,240.0,1.67,B,K,1040,1590,1960,opticaldirecs/xrb_ccd/,ccd,Disk,J1813-095,True,0.0,2458176.87378,2018-02-27 08:58:14.592,1
rccd180227.0119.fits,J1813-095,18:13:33.98,-09:31:59.1,2018-02-28,08:35:58.972,2458177.85833,240.0,1.84,I,H,1040,1590,1960,opticaldirecs/xrb_ccd/,ccd,Disk,J1813-095,True,3.0,2458177.85833,2018-02-28 08:35:59.712,1
rccd180227.0120.fits,J1813-095,18:13:34.06,-09:32:01.5,2018-02-28,08:40:44.792,2458177.86164,240.0,1.79,V,J,1040,1590,1960,opticaldirecs/xrb_ccd/,ccd,Disk,J1813-095,True,1.0,2458177.86164,2018-02-28 08:40:45.696,1
rccd180227.0121.fits,J1813-095,18:13:34.14,-09:32:02.7,2018-02-28,08:45:29.445,2458177.86493,240.0,1.74,B,K,1040,1590,1960,opticaldirecs/xrb_ccd/,ccd,Disk,J1813-095,True,0.0,2458177.86493,2018-02-28 08:45:29.952,1
rccd180228.0123.fits,J1813-095,18:13:33.99,-09:31:58.9,2018-03-01,08:35:46.265,2458178.85819,240.0,1.8,I,H,1040,1590,1960,opticaldirecs/xrb_ccd/,ccd,Disk,J1813-095,True,3.0,2458178.85819,2018-03-01 08:35:47.616,1
rccd180228.0124.fits,J1813-095,18:13:34.15,-09:32:01.6,2018-03-01,08:40:32.525,2458178.8615,240.0,1.75,V,J,1040,1590,1960,opticaldirecs/xrb_ccd/,ccd,Disk,J1813-095,True,1.0,2458178.8615,2018-03-01 08:40:33.600,1
rccd180228.0125.fits,J1813-095,18:13:34.16,-09:32:03.6,2018-03-01,08:45:17.455,2458178.8648,240.0,1.71,B,K,1040,1590,1960,opticaldirecs/xrb_ccd/,ccd,Disk,J1813-095,True,0.0,2458178.8648,2018-03-01 08:45:18.720,1
rccd180301.0125.fits,J1813-095,18:13:34.00,-09:31:59.0,2018-03-02,09:06:53.841,2458179.87978,240.0,1.52,I,H,1040,1590,1960,opticaldirecs/xrb_ccd/,ccd,Disk,J1813-095,True,3.0,2458179.87978,2018-03-02 09:06:52.992,1
rccd180301.0126.fits,J1813-095,18:13:33.90,-09:32:02.8,2018-03-02,09:11:39.747,2458179.88309,240.0,1.49,V,J,1040,1590,1960,opticaldirecs/xrb_ccd/,ccd,Disk,J1813-095,True,1.0,2458179.88309,2018-03-02 09:11:38.976,1
rccd180301.0127.fits,J1813-095,18:13:33.80,-09:32:04.6,2018-03-02,09:16:24.420,2458179.88639,240.0,1.46,B,K,1040,1590,1960,opticaldirecs/xrb_ccd/,ccd,Disk,J1813-095,True,0.0,2458179.88639,2018-03-02 09:16:24.096,1
rccd180302.0155.fits,J1813-095,18:13:34.99,-09:31:59.0,2018-03-03,09:15:50.485,2458180.886,240.0,1.44,I,H,1040,1590,1960,opticaldirecs/xrb_ccd/,ccd,Disk,J1813-095,True,3.0,2458180.886,2018-03-03 09:15:50.400,1
rccd180302.0156.fits,J1813-095,18:13:33.89,-09:31:59.4,2018-03-03,09:20:36.976,2458180.88932,240.0,1.42,V,J,1040,1590,1960,opticaldirecs/xrb_ccd/,ccd,Disk,J1813-095,True,1.0,2458180.88932,2018-03-03 09:20:37.248,1
rccd180302.0157.fits,J1813-095,18:13:33.88,-09:31:59.8,2018-03-03,09:25:22.341,2458180.89262,240.0,1.39,B,K,1040,1590,1960,opticaldirecs/xrb_ccd/,ccd,Disk,J1813-095,True,0.0,2458180.89262,2018-03-03 09:25:22.368,1
rccd180303.0123.fits,J1813-095,18:13:34.01,-09:31:58.9,2018-03-04,08:56:32.230,2458181.8726,240.0,1.54,I,H,1040,1590,1960,opticaldirecs/xrb_ccd/,ccd,Disk,J1813-095,True,3.0,2458181.8726,2018-03-04 08:56:32.640,1
rccd180303.0124.fits,J1813-095,18:13:33.85,-09:32:01.4,2018-03-04,09:01:18.544,2458181.87591,240.0,1.51,V,J,1040,1590,1960,opticaldirecs/xrb_ccd/,ccd,Disk,J1813-095,True,1.0,2458181.87591,2018-03-04 09:01:18.624,1
rccd180303.0125.fits,J1813-095,18:13:33.75,-09:32:03.2,2018-03-04,09:06:03.666,2458181.87921,240.0,1.48,B,K,1040,1590,1960,opticaldirecs/xrb_ccd/,ccd,Disk,J1813-095,True,0.0,2458181.87921,2018-03-04 09:06:03.744,1
rccd180304.0154.fits,J1813-095,18:13:33.99,-09:31:59.0,2018-03-05,09:05:27.861,2458182.87879,240.0,1.46,I,H,1040,1590,1960,opticaldirecs/xrb_ccd/,ccd,Disk,J1813-095,True,3.0,2458182.87879,2018-03-05 09:05:27.456,1
rccd180304.0155.fits,J1813-095,18:13:33.94,-09:32:02.9,2018-03-05,09:10:14.419,2458182.88211,240.0,1.43,V,J,1040,1590,1960,opticaldirecs/xrb_ccd/,ccd,Disk,J1813-095,True,1.0,2458182.88211,2018-03-05 09:10:14.304,1
rccd180304.0156.fits,J1813-095,18:13:33.91,-09:32:04.5,2018-03-05,09:14:59.557,2458182.88541,240.0,1.41,B,K,1040,1590,1960,opticaldirecs/xrb_ccd/,ccd,Disk,J1813-095,True,0.0,2458182.88541,2018-03-05 09:14:59.424,1
rccd180305.0128.fits,J1813-095,18:13:33.95,-09:31:59.7,2018-03-06,08:48:44.275,2458183.86718,240.0,1.54,I,H,1040,1590,1960,opticaldirecs/xrb_ccd/,ccd,Disk,J1813-095,True,3.0,2458183.86718,2018-03-06 08:48:44.352,1
rccd180305.0129.fits,J1813-095,18:13:33.84,-09:32:02.8,2018-03-06,08:53:30.822,2458183.8705,240.0,1.5,V,J,1040,1590,1960,opticaldirecs/xrb_ccd/,ccd,Disk,J1813-095,True,1.0,2458183.8705,2018-03-06 08:53:31.200,1
rccd180305.0130.fits,J1813-095,18:13:33.78,-09:32:04.9,2018-03-06,08:58:16.202,2458183.8738,240.0,1.48,B,K,1040,1590,1960,opticaldirecs/xrb_ccd/,ccd,Disk,J1813-095,True,0.0,2458183.8738,2018-03-06 08:58:16.320,1
rccd180306.0132.fits,J1813-095,18:13:34.02,-09:31:58.9,2018-03-07,09:01:08.176,2458184.87579,240.0,1.44,I,H,1040,1590,1960,opticaldirecs/xrb_ccd/,ccd,Disk,J1813-095,True,3.0,2458184.87579,2018-03-07 09:01:08.256,1
rccd180306.0133.fits,J1813-095,18:13:33.93,-09:31:59.1,2018-03-07,09:05:54.769,2458184.87911,240.0,1.41,V,J,1040,1590,1960,opticaldirecs/xrb_ccd/,ccd,Disk,J1813-095,True,1.0,2458184.87911,2018-03-07 09:05:55.104,1
rccd180306.0134.fits,J1813-095,18:13:33.88,-09:31:59.4,2018-03-07,09:10:39.943,2458184.88241,240.0,1.39,B,K,1040,1590,1960,opticaldirecs/xrb_ccd/,ccd,Disk,J1813-095,True,0.0,2458184.88241,2018-03-07 09:10:40.224,1
rccd180307.0134.fits,J1813-095,18:13:33.99,-09:31:59.0,2018-03-08,09:05:29.274,2458185.87881,240.0,1.4,I,H,1040,1590,1960,opticaldirecs/xrb_ccd/,ccd,Disk,J1813-095,True,3.0,2458185.87881,2018-03-08 09:05:29.184,1
rccd180307.0135.fits,J1813-095,18:13:33.95,-09:32:01.5,2018-03-08,09:10:15.729,2458185.88213,240.0,1.37,V,J,1040,1590,1960,opticaldirecs/xrb_ccd/,ccd,Disk,J1813-095,True,1.0,2458185.88213,2018-03-08 09:10:16.032,1
rccd180307.0136.fits,J1813-095,18:13:33.86,-09:32:03.2,2018-03-08,09:15:00.897,2458185.88542,240.0,1.35,B,K,1040,1590,1960,opticaldirecs/xrb_ccd/,ccd,Disk,J1813-095,True,0.0,2458185.88542,2018-03-08 09:15:00.288,1
rccd180308.0147.fits,J1813-095,18:13:34.01,-09:31:59.0,2018-03-09,09:00:59.362,2458186.87569,240.0,1.4,I,H,1040,1590,1960,opticaldirecs/xrb_ccd/,ccd,Disk,J1813-095,True,3.0,2458186.87569,2018-03-09 09:00:59.616,1
rccd180308.0148.fits,J1813-095,18:13:34.61,-09:32:01.1,2018-03-09,09:05:45.851,2458186.879,240.0,1.38,V,J,1040,1590,1960,opticaldirecs/xrb_ccd/,ccd,Disk,J1813-095,True,1.0,2458186.879,2018-03-09 09:05:45.600,1
rccd180308.0149.fits,J1813-095,18:13:34.61,-09:32:01.8,2018-03-09,09:10:31.040,2458186.8823,240.0,1.35,B,K,1040,1590,1960,opticaldirecs/xrb_ccd/,ccd,Disk,J1813-095,True,0.0,2458186.8823,2018-03-09 09:10:30.720,1
rccd180311.0119.fits,J1813-095,18:13:33.99,-09:31:59.1,2018-03-12,08:53:05.268,2458189.8702,240.0,1.38,I,H,1040,1590,1960,opticaldirecs/xrb_ccd/,ccd,Disk,J1813-095,True,3.0,2458189.8702,2018-03-12 08:53:05.280,1
rccd180311.0120.fits,J1813-095,18:13:33.89,-09:32:03.8,2018-03-12,08:57:51.196,2458189.87351,240.0,1.36,V,J,1040,1590,1960,opticaldirecs/xrb_ccd/,ccd,Disk,J1813-095,True,1.0,2458189.87351,2018-03-12 08:57:51.264,1
rccd180311.0121.fits,J1813-095,18:13:33.88,-09:32:05.6,2018-03-12,09:02:35.956,2458189.87681,240.0,1.34,B,K,1040,1590,1960,opticaldirecs/xrb_ccd/,ccd,Disk,J1813-095,True,0.0,2458189.87681,2018-03-12 09:02:36.384,1
rccd180312.0154.fits,J1813-095,18:13:33.98,-09:31:59.0,2018-03-13,09:09:31.815,2458190.88163,240.0,1.3,I,H,1040,1590,1960,opticaldirecs/xrb_ccd/,ccd,Disk,J1813-095,True,3.0,2458190.88163,2018-03-13 09:09:32.832,1
rccd180312.0155.fits,J1813-095,18:13:33.99,-09:32:01.3,2018-03-13,09:14:17.805,2458190.88493,240.0,1.28,V,J,1040,1590,1960,opticaldirecs/xrb_ccd/,ccd,Disk,J1813-095,True,1.0,2458190.88493,2018-03-13 09:14:17.952,1
rccd180312.0156.fits,J1813-095,18:13:34.03,-09:32:02.4,2018-03-13,09:19:02.669,2458190.88823,240.0,1.26,B,K,1040,1590,1960,opticaldirecs/xrb_ccd/,ccd,Disk,J1813-095,True,0.0,2458190.88823,2018-03-13 09:19:03.072,1
rccd180313.0118.fits,J1813-095,18:13:33.98,-09:31:58.9,2018-03-14,08:18:12.781,2458191.8459,240.0,1.53,I,H,1040,1590,1960,opticaldirecs/xrb_ccd/,ccd,Disk,J1813-095,True,3.0,2458191.8459,2018-03-14 08:18:05.760,1
rccd180313.0119.fits,J1813-095,18:13:33.94,-09:32:01.7,2018-03-14,08:22:59.128,2458191.8493,240.0,1.5,V,J,1040,1590,1960,opticaldirecs/xrb_ccd/,ccd,Disk,J1813-095,True,1.0,2458191.8493,2018-03-14 08:22:59.520,1
rccd180313.0120.fits,J1813-095,18:13:33.86,-09:32:03.3,2018-03-14,08:27:44.215,2458191.8526,240.0,1.47,B,K,1040,1590,1960,opticaldirecs/xrb_ccd/,ccd,Disk,J1813-095,True,0.0,2458191.8526,2018-03-14 08:27:44.640,1
rccd180314.0122.fits,J1813-095,18:13:33.99,-09:31:59.0,2018-03-15,08:16:01.489,2458192.84446,240.0,1.52,I,H,1040,1590,1960,opticaldirecs/xrb_ccd/,ccd,Disk,J1813-095,True,3.0,2458192.84446,2018-03-15 08:16:01.344,1
rccd180314.0123.fits,J1813-095,18:13:33.93,-09:32:01.0,2018-03-15,08:20:48.141,2458192.84777,240.0,1.49,V,J,1040,1590,1960,opticaldirecs/xrb_ccd/,ccd,Disk,J1813-095,True,1.0,2458192.84777,2018-03-15 08:20:47.328,1
rccd180314.0124.fits,J1813-095,18:13:33.83,-09:32:02.4,2018-03-15,08:25:33.413,2458192.85108,240.0,1.46,B,K,1040,1590,1960,opticaldirecs/xrb_ccd/,ccd,Disk,J1813-095,True,0.0,2458192.85108,2018-03-15 08:25:33.312,1
rccd180315.0129.fits,J1813-095,18:13:33.97,-09:31:59.9,2018-03-16,07:57:15.664,2458193.83143,240.0,1.62,I,H,1040,1590,1960,opticaldirecs/xrb_ccd/,ccd,Disk,J1813-095,True,3.0,2458193.83143,2018-03-16 07:57:15.552,1
rccd180315.0130.fits,J1813-095,18:13:33.89,-09:32:02.0,2018-03-16,08:02:02.151,2458193.83475,240.0,1.59,V,J,1040,1590,1960,opticaldirecs/xrb_ccd/,ccd,Disk,J1813-095,True,1.0,2458193.83475,2018-03-16 08:02:02.400,1
rccd180315.0131.fits,J1813-095,18:13:33.81,-09:32:03.5,2018-03-16,08:06:47.111,2458193.83804,240.0,1.55,B,K,1040,1590,1960,opticaldirecs/xrb_ccd/,ccd,Disk,J1813-095,True,0.0,2458193.83804,2018-03-16 08:06:46.656,1
rccd180316.0129.fits,J1813-095,18:13:34.02,-09:31:59.1,2018-03-17,08:22:25.865,2458194.84891,240.0,1.44,I,H,1040,1590,1960,opticaldirecs/xrb_ccd/,ccd,Disk,J1813-095,True,3.0,2458194.84891,2018-03-17 08:22:25.824,1
rccd180316.0130.fits,J1813-095,18:13:33.98,-09:32:00.3,2018-03-17,08:27:12.286,2458194.85223,240.0,1.41,V,J,1040,1590,1960,opticaldirecs/xrb_ccd/,ccd,Disk,J1813-095,True,1.0,2458194.85223,2018-03-17 08:27:12.672,1
rccd180316.0131.fits,J1813-095,18:13:33.96,-09:32:01.5,2018-03-17,08:31:57.447,2458194.85553,240.0,1.39,B,K,1040,1590,1960,opticaldirecs/xrb_ccd/,ccd,Disk,J1813-095,True,0.0,2458194.85553,2018-03-17 08:31:57.792,1
rccd180317.0119.fits,J1813-095,18:13:33.97,-09:31:59.4,2018-03-18,08:01:00.874,2458195.83404,240.0,1.54,I,H,1040,1590,1960,opticaldirecs/xrb_ccd/,ccd,Disk,J1813-095,True,3.0,2458195.83404,2018-03-18 08:01:01.056,1
rccd180317.0120.fits,J1813-095,18:13:33.90,-09:32:01.0,2018-03-18,08:05:47.405,2458195.83735,240.0,1.51,V,J,1040,1590,1960,opticaldirecs/xrb_ccd/,ccd,Disk,J1813-095,True,1.0,2458195.83735,2018-03-18 08:05:47.040,1
rccd180317.0121.fits,J1813-095,18:13:33.86,-09:32:02.0,2018-03-18,08:10:32.595,2458195.84065,240.0,1.48,B,K,1040,1590,1960,opticaldirecs/xrb_ccd/,ccd,Disk,J1813-095,True,0.0,2458195.84065,2018-03-18 08:10:32.160,1
rccd180318.0127.fits,J1813-095,18:13:34.00,-09:31:59.0,2018-03-19,08:04:19.607,2458196.83634,240.0,1.49,I,H,1040,1590,1960,opticaldirecs/xrb_ccd/,ccd,Disk,J1813-095,True,3.0,2458196.83634,2018-03-19 08:04:19.776,1
rccd180318.0128.fits,J1813-095,18:13:33.88,-09:31:59.3,2018-03-19,08:09:05.551,2458196.83965,240.0,1.47,V,J,1040,1590,1960,opticaldirecs/xrb_ccd/,ccd,Disk,J1813-095,True,1.0,2458196.83965,2018-03-19 08:09:05.760,1
rccd180318.0129.fits,J1813-095,18:13:33.81,-09:31:59.7,2018-03-19,08:13:50.545,2458196.84295,240.0,1.44,B,K,1040,1590,1960,opticaldirecs/xrb_ccd/,ccd,Disk,J1813-095,True,0.0,2458196.84295,2018-03-19 08:13:50.880,1
rccd180319.0126.fits,J1813-095,18:13:34.00,-09:31:59.4,2018-03-20,08:04:55.967,2458197.83676,240.0,1.47,I,H,1040,1590,1960,opticaldirecs/xrb_ccd/,ccd,Disk,J1813-095,True,3.0,2458197.83676,2018-03-20 08:04:56.064,1
rccd180319.0127.fits,J1813-095,18:13:33.92,-09:32:01.4,2018-03-20,08:09:42.473,2458197.84007,240.0,1.44,V,J,1040,1590,1960,opticaldirecs/xrb_ccd/,ccd,Disk,J1813-095,True,1.0,2458197.84007,2018-03-20 08:09:42.048,1
rccd180319.0128.fits,J1813-095,18:13:33.89,-09:32:02.3,2018-03-20,08:14:27.693,2458197.84337,240.0,1.42,B,K,1040,1590,1960,opticaldirecs/xrb_ccd/,ccd,Disk,J1813-095,True,0.0,2458197.84337,2018-03-20 08:14:27.168,1
rccd180320.0150.fits,J1813-095,18:13:33.98,-09:31:59.9,2018-03-21,07:48:43.276,2458198.8255,240.0,1.54,I,H,1040,1590,1960,opticaldirecs/xrb_ccd/,ccd,Disk,J1813-095,True,3.0,2458198.8255,2018-03-21 07:48:43.200,1
rccd180320.0151.fits,J1813-095,18:13:33.90,-09:32:02.2,2018-03-21,07:53:29.341,2458198.82881,240.0,1.51,V,J,1040,1590,1960,opticaldirecs/xrb_ccd/,ccd,Disk,J1813-095,True,1.0,2458198.82881,2018-03-21 07:53:29.184,1
rccd180320.0152.fits,J1813-095,18:13:33.79,-09:32:03.3,2018-03-21,07:58:14.131,2458198.83211,240.0,1.48,B,K,1040,1590,1960,opticaldirecs/xrb_ccd/,ccd,Disk,J1813-095,True,0.0,2458198.83211,2018-03-21 07:58:14.304,1
rccd180324.0129.fits,J1813-095,18:13:33.98,-09:31:59.3,2018-03-25,07:35:45.689,2458202.81651,240.0,1.52,I,H,1040,1590,1960,opticaldirecs/xrb_ccd/,ccd,Disk,J1813-095,True,3.0,2458202.81651,2018-03-25 07:35:46.464,1
rccd180324.0130.fits,J1813-095,18:13:33.87,-09:32:02.2,2018-03-25,07:40:32.018,2458202.81982,240.0,1.49,V,J,1040,1590,1960,opticaldirecs/xrb_ccd/,ccd,Disk,J1813-095,True,1.0,2458202.81982,2018-03-25 07:40:32.448,1
rccd180324.0131.fits,J1813-095,18:13:33.75,-09:32:04.0,2018-03-25,07:45:17.354,2458202.82312,240.0,1.47,B,K,1040,1590,1960,opticaldirecs/xrb_ccd/,ccd,Disk,J1813-095,True,0.0,2458202.82312,2018-03-25 07:45:17.568,1
rccd180325.0113.fits,J1813-095,18:13:34.01,-09:31:59.2,2018-03-26,07:38:38.938,2458203.8185,240.0,1.48,I,H,1040,1590,1960,opticaldirecs/xrb_ccd/,ccd,Disk,J1813-095,True,3.0,2458203.8185,2018-03-26 07:38:38.400,1
rccd180325.0114.fits,J1813-095,18:13:33.87,-09:32:02.9,2018-03-26,07:43:25.366,2458203.82181,240.0,1.45,V,J,1040,1590,1960,opticaldirecs/xrb_ccd/,ccd,Disk,J1813-095,True,1.0,2458203.82181,2018-03-26 07:43:24.384,1
rccd180325.0115.fits,J1813-095,18:13:33.74,-09:32:05.0,2018-03-26,07:48:10.601,2458203.82511,240.0,1.43,B,K,1040,1590,1960,opticaldirecs/xrb_ccd/,ccd,Disk,J1813-095,True,0.0,2458203.82511,2018-03-26 07:48:09.504,1
rccd180326.0156.fits,J1813-095,18:13:33.99,-09:31:58.9,2018-03-27,08:33:55.524,2458204.85689,240.0,1.23,I,H,1040,1590,1960,opticaldirecs/xrb_ccd/,ccd,Disk,J1813-095,True,3.0,2458204.85689,2018-03-27 08:33:55.296,1
rccd180326.0157.fits,J1813-095,18:13:34.03,-09:31:58.7,2018-03-27,08:38:41.459,2458204.8602,240.0,1.22,V,J,1040,1590,1960,opticaldirecs/xrb_ccd/,ccd,Disk,J1813-095,True,1.0,2458204.8602,2018-03-27 08:38:41.280,1
rccd180326.0158.fits,J1813-095,18:13:34.12,-09:31:58.8,2018-03-27,08:43:26.309,2458204.86349,240.0,1.21,B,K,1040,1590,1960,opticaldirecs/xrb_ccd/,ccd,Disk,J1813-095,True,0.0,2458204.86349,2018-03-27 08:43:25.536,1
rccd180327.0160.fits,J1813-095,18:13:33.98,-09:31:58.9,2018-03-28,08:24:36.417,2458205.85042,240.0,1.25,I,H,1040,1590,1960,opticaldirecs/xrb_ccd/,ccd,Disk,J1813-095,True,3.0,2458205.85042,2018-03-28 08:24:36.288,1
rccd180327.0161.fits,J1813-095,18:13:34.00,-09:32:01.1,2018-03-28,08:29:23.027,2458205.85373,240.0,1.23,V,J,1040,1590,1960,opticaldirecs/xrb_ccd/,ccd,Disk,J1813-095,True,1.0,2458205.85373,2018-03-28 08:29:22.272,1
rccd180327.0162.fits,J1813-095,18:13:34.04,-09:32:02.7,2018-03-28,08:34:08.256,2458205.85704,240.0,1.22,B,K,1040,1590,1960,opticaldirecs/xrb_ccd/,ccd,Disk,J1813-095,True,0.0,2458205.85704,2018-03-28 08:34:08.256,1
rccd180328.0135.fits,J1813-095,18:13:34.00,-09:31:59.1,2018-03-29,08:08:04.166,2458206.83894,240.0,1.29,I,H,1040,1590,1960,opticaldirecs/xrb_ccd/,ccd,Disk,J1813-095,True,3.0,2458206.83894,2018-03-29 08:08:04.416,1
rccd180328.0136.fits,J1813-095,18:13:34.01,-09:32:01.8,2018-03-29,08:12:50.190,2458206.84225,240.0,1.27,V,J,1040,1590,1960,opticaldirecs/xrb_ccd/,ccd,Disk,J1813-095,True,1.0,2458206.84225,2018-03-29 08:12:50.400,1
rccd180328.0137.fits,J1813-095,18:13:34.05,-09:32:03.1,2018-03-29,08:17:34.875,2458206.84554,240.0,1.26,B,K,1040,1590,1960,opticaldirecs/xrb_ccd/,ccd,Disk,J1813-095,True,0.0,2458206.84554,2018-03-29 08:17:34.656,1
rccd180329.0126.fits,J1813-095,18:13:34.01,-09:31:59.9,2018-03-30,08:23:31.764,2458207.84967,240.0,1.23,I,H,1040,1590,1960,opticaldirecs/xrb_ccd/,ccd,Disk,J1813-095,True,3.0,2458207.84967,2018-03-30 08:23:31.488,1
rccd180329.0127.fits,J1813-095,18:13:34.07,-09:32:00.8,2018-03-30,08:28:18.058,2458207.85299,240.0,1.21,V,J,1040,1590,1960,opticaldirecs/xrb_ccd/,ccd,Disk,J1813-095,True,1.0,2458207.85299,2018-03-30 08:28:18.336,1
rccd180329.0128.fits,J1813-095,18:13:34.20,-09:32:01.6,2018-03-30,08:33:03.208,2458207.85629,240.0,1.2,B,K,1040,1590,1960,opticaldirecs/xrb_ccd/,ccd,Disk,J1813-095,True,0.0,2458207.85629,2018-03-30 08:33:03.456,1
rccd180330.0126.fits,J1813-095,18:13:33.99,-09:31:59.8,2018-03-31,07:38:14.997,2458208.81823,240.0,1.38,I,H,1040,1590,1960,opticaldirecs/xrb_ccd/,ccd,Disk,J1813-095,True,3.0,2458208.81823,2018-03-31 07:38:15.072,1
rccd180330.0127.fits,J1813-095,18:13:33.84,-09:32:00.5,2018-03-31,07:43:01.432,2458208.82154,240.0,1.36,V,J,1040,1590,1960,opticaldirecs/xrb_ccd/,ccd,Disk,J1813-095,True,1.0,2458208.82154,2018-03-31 07:43:01.056,1
rccd180330.0128.fits,J1813-095,18:13:33.85,-09:32:00.5,2018-03-31,07:47:46.754,2458208.82484,240.0,1.34,B,K,1040,1590,1960,opticaldirecs/xrb_ccd/,ccd,Disk,J1813-095,True,0.0,2458208.82484,2018-03-31 07:47:46.176,1
rccd180401.0132.fits,J1813-095,18:13:34.01,-09:32:00.1,2018-04-02,07:52:41.528,2458210.82826,240.0,1.29,I,H,1040,1590,1960,opticaldirecs/xrb_ccd/,ccd,Disk,J1813-095,True,3.0,2458210.82826,2018-04-02 07:52:41.664,1
rccd180401.0133.fits,J1813-095,18:13:33.97,-09:32:02.0,2018-04-02,07:57:27.409,2458210.83157,240.0,1.27,V,J,1040,1590,1960,opticaldirecs/xrb_ccd/,ccd,Disk,J1813-095,True,1.0,2458210.83157,2018-04-02 07:57:27.648,1
rccd180401.0134.fits,J1813-095,18:13:33.98,-09:32:03.6,2018-04-02,08:02:12.003,2458210.83487,240.0,1.26,B,K,1040,1590,1960,opticaldirecs/xrb_ccd/,ccd,Disk,J1813-095,True,0.0,2458210.83487,2018-04-02 08:02:12.768,1
rccd180401.0135.fits,J1813-095,18:13:34.03,-09:32:05.1,2018-04-02,08:08:06.738,2458210.83897,240.0,1.24,I,H,1040,1590,1960,opticaldirecs/xrb_ccd/,ccd,Disk,J1813-095,True,3.0,2458210.83897,2018-04-02 08:08:07.008,1
rccd180401.0136.fits,J1813-095,18:13:34.12,-09:32:05.7,2018-04-02,08:12:52.419,2458210.84228,240.0,1.22,V,J,1040,1590,1960,opticaldirecs/xrb_ccd/,ccd,Disk,J1813-095,True,1.0,2458210.84228,2018-04-02 08:12:52.992,1
rccd180401.0137.fits,J1813-095,18:13:34.25,-09:32:06.5,2018-04-02,08:17:37.027,2458210.84557,240.0,1.21,B,K,1040,1590,1960,opticaldirecs/xrb_ccd/,ccd,Disk,J1813-095,True,0.0,2458210.84557,2018-04-02 08:17:37.248,1
rccd180402.0143.fits,J1813-095,18:13:34.03,-09:32:00.1,2018-04-03,07:56:08.699,2458211.83065,240.0,1.26,I,H,1040,1590,1960,opticaldirecs/xrb_ccd/,ccd,Disk,J1813-095,True,3.0,2458211.83065,2018-04-03 07:56:08.160,1
rccd180402.0144.fits,J1813-095,18:13:34.07,-09:32:01.9,2018-04-03,08:00:55.134,2458211.83397,240.0,1.25,V,J,1040,1590,1960,opticaldirecs/xrb_ccd/,ccd,Disk,J1813-095,True,1.0,2458211.83397,2018-04-03 08:00:55.008,1
rccd180402.0145.fits,J1813-095,18:13:34.09,-09:32:03.7,2018-04-03,08:05:40.161,2458211.83727,240.0,1.23,B,K,1040,1590,1960,opticaldirecs/xrb_ccd/,ccd,Disk,J1813-095,True,0.0,2458211.83727,2018-04-03 08:05:40.128,1
rccd180403.0125.fits,J1813-095,18:13:33.98,-09:31:58.9,2018-04-04,07:25:44.774,2458212.80954,240.0,1.37,I,H,1040,1590,1960,opticaldirecs/xrb_ccd/,ccd,Disk,J1813-095,True,3.0,2458212.80954,2018-04-04 07:25:44.256,1
rccd180403.0126.fits,J1813-095,18:13:33.93,-09:31:58.7,2018-04-04,07:30:30.466,2458212.81285,240.0,1.35,V,J,1040,1590,1960,opticaldirecs/xrb_ccd/,ccd,Disk,J1813-095,True,1.0,2458212.81285,2018-04-04 07:30:30.240,1
rccd180403.0127.fits,J1813-095,18:13:33.91,-09:31:59.5,2018-04-04,07:35:15.005,2458212.81614,240.0,1.33,B,K,1040,1590,1960,opticaldirecs/xrb_ccd/,ccd,Disk,J1813-095,True,0.0,2458212.81614,2018-04-04 07:35:14.496,1
rccd180404.0131.fits,J1813-095,18:13:34.01,-09:32:00.3,2018-04-05,07:35:48.083,2458213.81653,240.0,1.31,I,H,1020,1590,1980,opticaldirecs/xrb_ccd/,ccd,Disk,J1813-095,True,3.0,2458213.81653,2018-04-05 07:35:48.192,1
rccd180404.0132.fits,J1813-095,18:13:34.10,-09:32:03.1,2018-04-05,07:40:34.324,2458213.81984,240.0,1.29,V,J,1020,1590,1980,opticaldirecs/xrb_ccd/,ccd,Disk,J1813-095,True,1.0,2458213.81984,2018-04-05 07:40:34.176,1
rccd180404.0133.fits,J1813-095,18:13:34.12,-09:32:04.9,2018-04-05,07:45:19.465,2458213.82314,240.0,1.27,B,K,1020,1590,1980,opticaldirecs/xrb_ccd/,ccd,Disk,J1813-095,True,0.0,2458213.82314,2018-04-05 07:45:19.296,1
rccd180407.0136.fits,J1813-095,18:13:33.97,-09:31:59.0,2018-04-08,07:36:47.182,2458216.81722,240.0,1.26,I,H,1040,1590,1960,opticaldirecs/xrb_ccd/,ccd,Disk,J1813-095,True,3.0,2458216.81722,2018-04-08 07:36:47.808,1
rccd180407.0137.fits,J1813-095,18:13:34.01,-09:32:01.3,2018-04-08,07:41:33.128,2458216.82053,240.0,1.25,V,J,1040,1590,1960,opticaldirecs/xrb_ccd/,ccd,Disk,J1813-095,True,1.0,2458216.82053,2018-04-08 07:41:33.792,1
rccd180407.0138.fits,J1813-095,18:13:34.06,-09:32:02.7,2018-04-08,07:46:17.733,2458216.82382,240.0,1.23,B,K,1040,1590,1960,opticaldirecs/xrb_ccd/,ccd,Disk,J1813-095,True,0.0,2458216.82382,2018-04-08 07:46:18.048,1
rccd180408.0114.fits,J1813-095,18:13:34.00,-09:31:59.1,2018-04-09,07:32:05.091,2458217.81396,240.0,1.27,I,H,1040,1590,1960,opticaldirecs/xrb_ccd/,ccd,Disk,J1813-095,True,3.0,2458217.81396,2018-04-09 07:32:06.144,1
rccd180408.0115.fits,J1813-095,18:13:34.07,-09:32:02.2,2018-04-09,07:36:51.281,2458217.81727,240.0,1.25,V,J,1040,1590,1960,opticaldirecs/xrb_ccd/,ccd,Disk,J1813-095,True,1.0,2458217.81727,2018-04-09 07:36:52.128,1
rccd180408.0116.fits,J1813-095,18:13:34.12,-09:32:03.7,2018-04-09,07:41:36.399,2458217.82057,240.0,1.24,B,K,1040,1590,1960,opticaldirecs/xrb_ccd/,ccd,Disk,J1813-095,True,0.0,2458217.82057,2018-04-09 07:41:37.248,1
rccd180409.0109.fits,J1813-095,18:13:33.99,-09:31:58.8,2018-04-10,07:01:40.087,2458218.79284,240.0,1.37,I,H,1040,1590,1960,opticaldirecs/xrb_ccd/,ccd,Disk,J1813-095,True,3.0,2458218.79284,2018-04-10 07:01:41.376,1
rccd180409.0110.fits,J1813-095,18:13:33.92,-09:32:00.0,2018-04-10,07:06:26.138,2458218.79615,240.0,1.35,V,J,1040,1590,1960,opticaldirecs/xrb_ccd/,ccd,Disk,J1813-095,True,1.0,2458218.79615,2018-04-10 07:06:27.360,1
rccd180409.0111.fits,J1813-095,18:13:33.90,-09:32:01.4,2018-04-10,07:11:11.075,2458218.79944,240.0,1.33,B,K,1040,1590,1960,opticaldirecs/xrb_ccd/,ccd,Disk,J1813-095,True,0.0,2458218.79944,2018-04-10 07:11:11.616,1
rccd180411.0125.fits,J1813-095,18:13:33.99,-09:31:59.1,2018-04-12,06:36:42.825,2458220.77549,240.0,1.45,I,H,1040,1590,1960,opticaldirecs/xrb_ccd/,ccd,Disk,J1813-095,True,3.0,2458220.77549,2018-04-12 06:36:42.336,1
rccd180411.0126.fits,J1813-095,18:13:33.86,-09:32:02.4,2018-04-12,06:41:28.966,2458220.7788,240.0,1.43,V,J,1040,1590,1960,opticaldirecs/xrb_ccd/,ccd,Disk,J1813-095,True,1.0,2458220.7788,2018-04-12 06:41:28.320,1
rccd180411.0127.fits,J1813-095,18:13:33.81,-09:32:03.6,2018-04-12,06:46:13.939,2458220.7821,240.0,1.4,B,K,1040,1590,1960,opticaldirecs/xrb_ccd/,ccd,Disk,J1813-095,True,0.0,2458220.7821,2018-04-12 06:46:13.440,1
rccd180412.0190.fits,J1813-095,18:13:34.02,-09:31:58.9,2018-04-13,07:51:09.216,2458221.82719,240.0,1.17,I,H,1040,1590,1960,opticaldirecs/xrb_ccd/,ccd,Disk,J1813-095,True,3.0,2458221.82719,2018-04-13 07:51:09.216,1
rccd180412.0191.fits,J1813-095,18:13:34.06,-09:31:59.0,2018-04-13,07:55:55.702,2458221.83051,240.0,1.16,V,J,1040,1590,1960,opticaldirecs/xrb_ccd/,ccd,Disk,J1813-095,True,1.0,2458221.83051,2018-04-13 07:55:56.064,1
rccd180412.0192.fits,J1813-095,18:13:34.09,-09:31:59.1,2018-04-13,08:00:40.728,2458221.8338,240.0,1.15,B,K,1040,1590,1960,opticaldirecs/xrb_ccd/,ccd,Disk,J1813-095,True,0.0,2458221.8338,2018-04-13 08:00:40.320,1
rccd180413.0120.fits,J1813-095,18:13:34.02,-09:31:59.1,2018-04-14,07:31:28.454,2458222.81352,240.0,1.21,I,H,1040,1590,1960,opticaldirecs/xrb_ccd/,ccd,Disk,J1813-095,True,3.0,2458222.81352,2018-04-14 07:31:28.128,1
rccd180413.0121.fits,J1813-095,18:13:34.14,-09:32:01.2,2018-04-14,07:36:14.881,2458222.81684,240.0,1.2,V,J,1040,1590,1960,opticaldirecs/xrb_ccd/,ccd,Disk,J1813-095,True,1.0,2458222.81684,2018-04-14 07:36:14.976,1
rccd180413.0122.fits,J1813-095,18:13:34.21,-09:32:02.4,2018-04-14,07:41:00.129,2458222.82014,240.0,1.18,B,K,1040,1590,1960,opticaldirecs/xrb_ccd/,ccd,Disk,J1813-095,True,0.0,2458222.82014,2018-04-14 07:41:00.096,1
rccd180414.0153.fits,J1813-095,18:13:34.03,-09:32:00.9,2018-04-15,07:28:28.691,2458223.81144,240.0,1.21,I,H,1040,1590,1960,opticaldirecs/xrb_ccd/,ccd,Disk,J1813-095,True,3.0,2458223.81144,2018-04-15 07:28:28.416,1
rccd180414.0154.fits,J1813-095,18:13:34.16,-09:32:04.9,2018-04-15,07:33:14.873,2458223.81475,240.0,1.19,V,J,1040,1590,1960,opticaldirecs/xrb_ccd/,ccd,Disk,J1813-095,True,1.0,2458223.81475,2018-04-15 07:33:14.400,1
rccd180414.0155.fits,J1813-095,18:13:34.21,-09:32:07.1,2018-04-15,07:38:00.050,2458223.81806,240.0,1.18,B,K,1040,1590,1960,opticaldirecs/xrb_ccd/,ccd,Disk,J1813-095,True,0.0,2458223.81806,2018-04-15 07:38:00.384,1
rccd180415.0120.fits,J1813-095,18:13:34.00,-09:32:00.3,2018-04-16,07:15:40.882,2458224.80256,240.0,1.23,I,H,1040,1590,1960,opticaldirecs/xrb_ccd/,ccd,Disk,J1813-095,True,3.0,2458224.80256,2018-04-16 07:15:41.184,1
rccd180415.0121.fits,J1813-095,18:13:34.04,-09:32:02.9,2018-04-16,07:20:27.408,2458224.80588,240.0,1.22,V,J,1040,1590,1960,opticaldirecs/xrb_ccd/,ccd,Disk,J1813-095,True,1.0,2458224.80588,2018-04-16 07:20:28.032,1
rccd180415.0122.fits,J1813-095,18:13:34.07,-09:32:04.3,2018-04-16,07:25:12.404,2458224.80917,240.0,1.2,B,K,1040,1590,1960,opticaldirecs/xrb_ccd/,ccd,Disk,J1813-095,True,0.0,2458224.80917,2018-04-16 07:25:12.288,1
rccd180416.0116.fits,J1813-095,18:13:33.99,-09:31:59.1,2018-04-17,06:32:57.670,2458225.77288,240.0,1.37,I,H,1040,1590,1960,opticaldirecs/xrb_ccd/,ccd,Disk,J1813-095,True,3.0,2458225.77288,2018-04-17 06:32:56.832,1
rccd180416.0117.fits,J1813-095,18:13:33.95,-09:32:03.0,2018-04-17,06:37:43.951,2458225.7762,240.0,1.35,V,J,1040,1590,1960,opticaldirecs/xrb_ccd/,ccd,Disk,J1813-095,True,1.0,2458225.7762,2018-04-17 06:37:43.680,1
rccd180416.0118.fits,J1813-095,18:13:33.95,-09:32:05.0,2018-04-17,06:42:29.146,2458225.7795,240.0,1.33,B,K,1040,1590,1960,opticaldirecs/xrb_ccd/,ccd,Disk,J1813-095,True,0.0,2458225.7795,2018-04-17 06:42:28.800,1
rccd180417.0117.fits,J1813-095,18:13:34.00,-09:31:59.1,2018-04-18,07:10:02.878,2458226.79864,240.0,1.22,I,H,1040,1590,1960,opticaldirecs/xrb_ccd/,ccd,Disk,J1813-095,True,3.0,2458226.79864,2018-04-18 07:10:02.496,1
rccd180417.0118.fits,J1813-095,18:13:34.06,-09:32:01.2,2018-04-18,07:14:48.775,2458226.80195,240.0,1.21,V,J,1040,1590,1960,opticaldirecs/xrb_ccd/,ccd,Disk,J1813-095,True,1.0,2458226.80195,2018-04-18 07:14:48.480,1
rccd180417.0119.fits,J1813-095,18:13:34.18,-09:32:02.8,2018-04-18,07:19:33.547,2458226.80525,240.0,1.2,B,K,1040,1590,1960,opticaldirecs/xrb_ccd/,ccd,Disk,J1813-095,True,0.0,2458226.80525,2018-04-18 07:19:33.600,1
rccd180418.0139.fits,J1813-095,18:13:34.01,-09:31:59.8,2018-04-19,07:02:59.016,2458227.79374,240.0,1.23,I,H,1040,1590,1960,opticaldirecs/xrb_ccd/,ccd,Disk,J1813-095,True,3.0,2458227.79374,2018-04-19 07:02:59.136,1
rccd180418.0140.fits,J1813-095,18:13:34.05,-09:32:01.9,2018-04-19,07:07:45.495,2458227.79706,240.0,1.22,V,J,1040,1590,1960,opticaldirecs/xrb_ccd/,ccd,Disk,J1813-095,True,1.0,2458227.79706,2018-04-19 07:07:45.984,1
rccd180418.0141.fits,J1813-095,18:13:34.17,-09:32:03.3,2018-04-19,07:12:30.607,2458227.80036,240.0,1.21,B,K,1040,1590,1960,opticaldirecs/xrb_ccd/,ccd,Disk,J1813-095,True,0.0,2458227.80036,2018-04-19 07:12:31.104,1
rccd180419.0120.fits,J1813-095,18:13:33.99,-09:31:59.7,2018-04-20,06:24:40.194,2458228.76713,240.0,1.36,I,H,1040,1590,1960,opticaldirecs/xrb_ccd/,ccd,Disk,J1813-095,True,3.0,2458228.76713,2018-04-20 06:24:40.032,1
rccd180419.0121.fits,J1813-095,18:13:33.98,-09:32:01.5,2018-04-20,06:29:25.986,2458228.77044,240.0,1.34,V,J,1040,1590,1960,opticaldirecs/xrb_ccd/,ccd,Disk,J1813-095,True,1.0,2458228.77044,2018-04-20 06:29:26.016,1
rccd180419.0122.fits,J1813-095,18:13:33.95,-09:32:03.2,2018-04-20,06:34:10.626,2458228.77373,240.0,1.32,B,K,1040,1590,1960,opticaldirecs/xrb_ccd/,ccd,Disk,J1813-095,True,0.0,2458228.77373,2018-04-20 06:34:10.272,1
