filename,OBJECT,RA,DEC,DATE-OBS,TIME-OBS,JD,EXPTIME,SECZ,CCDFLTID,IRFLTID,TILT1,TILT2,TILT3,log name,Location,prop name help,Physical loc,OWNER,full path,proper name,xrb,source
ir030323.0284      [08:,J16358-4726,16:35:48.0,-47:25:59,2003-03-24,08:15:00,2452722.8438,30.0,1.07,K,K,,,,missingreplog_J16358-4726.csv,,,Data replog,,,J16358-4726,True,IR
ir030410.0316        [0,J16358-4726,16:35:48.1,-47:25:59,2003-04-11,07:24:15,2452740.8085,30.0,1.06,K,K,,,,missingreplog_J16358-4726.csv,,,Data replog,,,J16358-4726,True,IR
ir030410.0315        [0,J16358-4726,16:35:48.1,-47:25:59,2003-04-11,07:23:22,2452740.8079,30.0,1.06,K,K,,,,missingreplog_J16358-4726.csv,,,Data replog,,,J16358-4726,True,IR
ir030410.0314        [0,J16358-4726,16:35:48.1,-47:25:59,2003-04-11,07:22:30,2452740.8073,30.0,1.06,K,K,,,,missingreplog_J16358-4726.csv,,,Data replog,,,J16358-4726,True,IR
ir030410.0313        [0,J16358-4726,16:35:48.0,-47:25:59,2003-04-11,07:21:37,2452740.8067,30.0,1.06,K,K,,,,missingreplog_J16358-4726.csv,,,Data replog,,,J16358-4726,True,IR
ir030410.0312        [0,J16358-4726,16:35:48.0,-47:25:59,2003-04-11,07:20:45,2452740.8061,30.1,1.06,K,K,,,,missingreplog_J16358-4726.csv,,,Data replog,,,J16358-4726,True,IR
ir030410.0311        [0,J16358-4726,16:35:48.0,-47:25:59,2003-04-11,07:19:53,2452740.8055,30.1,1.06,K,K,,,,missingreplog_J16358-4726.csv,,,Data replog,,,J16358-4726,True,IR
ir030410.0310        [0,J16358-4726,16:35:48.0,-47:25:59,2003-04-11,07:19:00,2452740.8049,30.0,1.06,K,K,,,,missingreplog_J16358-4726.csv,,,Data replog,,,J16358-4726,True,IR
ir030410.0309        [0,J16358-4726,16:35:47.9,-47:25:59,2003-04-11,07:18:08,2452740.8043,30.1,1.06,K,K,,,,missingreplog_J16358-4726.csv,,,Data replog,,,J16358-4726,True,IR
ir030323.0287      [08:,J16358-4726,16:35:48.0,-47:25:59,2003-03-24,08:17:37,2452722.8456,30.1,1.07,K,K,,,,missingreplog_J16358-4726.csv,,,Data replog,,,J16358-4726,True,IR
ir030323.0286      [08:,J16358-4726,16:35:48.0,-47:25:59,2003-03-24,08:16:44,2452722.845,30.0,1.07,K,K,,,,missingreplog_J16358-4726.csv,,,Data replog,,,J16358-4726,True,IR
ir030323.0285      [08:,J16358-4726,16:35:48.0,-47:25:59,2003-03-24,08:15:52,2452722.8444,30.0,1.07,K,K,,,,missingreplog_J16358-4726.csv,,,Data replog,,,J16358-4726,True,IR
ir030323.0283      [08:,J16358-4726,16:35:48.0,-47:25:59,2003-03-24,08:14:08,2452722.8432,30.1,1.07,K,K,,,,missingreplog_J16358-4726.csv,,,Data replog,,,J16358-4726,True,IR
ir030408.0258        [0,J16358-4726,16:35:48.0,-47:26:0.,2003-04-09,07:16:35,2452738.8032,30.0,1.07,K,K,,,,missingreplog_J16358-4726.csv,,,Data replog,,,J16358-4726,True,IR
ir030323.0282      [08:,J16358-4726,16:35:48.0,-47:25:59,2003-03-24,08:13:15,2452722.8425,30.0,1.07,K,K,,,,missingreplog_J16358-4726.csv,,,Data replog,,,J16358-4726,True,IR
ir030323.0281      [08:,J16358-4726,16:35:48.0,-47:25:59,2003-03-24,08:12:23,2452722.8419,30.0,1.07,K,K,,,,missingreplog_J16358-4726.csv,,,Data replog,,,J16358-4726,True,IR
ir030323.0280      [08:,J16358-4726,16:35:48.0,-47:25:59,2003-03-24,08:11:30,2452722.8413,30.0,1.07,K,K,,,,missingreplog_J16358-4726.csv,,,Data replog,,,J16358-4726,True,IR
ir030323.0279      [08:,J16358-4726,16:35:48.0,-47:25:59,2003-03-24,08:10:38,2452722.8407,30.0,1.07,K,K,,,,missingreplog_J16358-4726.csv,,,Data replog,,,J16358-4726,True,IR
ir030323.0278      [08:,J16358-4726,16:35:48.0,-47:25:59,2003-03-24,08:09:46,2452722.8401,30.0,1.07,K,K,,,,missingreplog_J16358-4726.csv,,,Data replog,,,J16358-4726,True,IR
ir030408.0265        [0,J16358-4726,16:35:48.1,-47:26:0.,2003-04-09,07:22:42,2452738.8074,30.0,1.06,K,K,,,,missingreplog_J16358-4726.csv,,,Data replog,,,J16358-4726,True,IR
ir030408.0264        [0,J16358-4726,16:35:48.1,-47:26:0.,2003-04-09,07:21:49,2452738.8068,30.1,1.06,K,K,,,,missingreplog_J16358-4726.csv,,,Data replog,,,J16358-4726,True,IR
ir030408.0263        [0,J16358-4726,16:35:48.1,-47:26:0.,2003-04-09,07:20:57,2452738.8062,30.1,1.06,K,K,,,,missingreplog_J16358-4726.csv,,,Data replog,,,J16358-4726,True,IR
ir030408.0262        [0,J16358-4726,16:35:48.1,-47:26:0.,2003-04-09,07:20:05,2452738.8056,30.0,1.06,K,K,,,,missingreplog_J16358-4726.csv,,,Data replog,,,J16358-4726,True,IR
ir030408.0261        [0,J16358-4726,16:35:48.0,-47:26:0.,2003-04-09,07:19:13,2452738.805,30.0,1.06,K,K,,,,missingreplog_J16358-4726.csv,,,Data replog,,,J16358-4726,True,IR
ir030408.0260        [0,J16358-4726,16:35:48.0,-47:26:0.,2003-04-09,07:18:20,2452738.8044,30.0,1.07,K,K,,,,missingreplog_J16358-4726.csv,,,Data replog,,,J16358-4726,True,IR
ir030410.0317        [0,J16358-4726,16:35:48.1,-47:25:59,2003-04-11,07:25:06,2452740.8091,30.0,1.06,K,K,,,,missingreplog_J16358-4726.csv,,,Data replog,,,J16358-4726,True,IR
ir030410.0318        [0,J16358-4726,16:35:48.1,-47:25:59,2003-04-11,07:25:59,2452740.8097,30.0,1.06,K,K,,,,missingreplog_J16358-4726.csv,,,Data replog,,,J16358-4726,True,IR
ir030408.0259        [0,J16358-4726,16:35:48.0,-47:26:0.,2003-04-09,07:17:28,2452738.8038,30.1,1.07,K,K,,,,missingreplog_J16358-4726.csv,,,Data replog,,,J16358-4726,True,IR
ir030408.0257        [0,J16358-4726,16:35:48.0,-47:26:0.,2003-04-09,07:15:42,2452738.8026,30.0,1.07,K,K,,,,missingreplog_J16358-4726.csv,,,Data replog,,,J16358-4726,True,IR
ir030326.0395        [0,J16358-4726,16:35:47.9,-47:25:58,2003-03-27,07:47:22,2452725.8246,4.0,1.08,K,K,,,,missingreplog_J16358-4726.csv,,,Data replog,,,J16358-4726,True,IR
ir030328.0399        [0,J16358-4726,16:35:48.0,-47:25:59,2003-03-29,09:24:05,2452727.8917,30.1,1.05,K,K,,,,missingreplog_J16358-4726.csv,,,Data replog,,,J16358-4726,True,IR
ir030328.0398        [0,J16358-4726,16:35:48.0,-47:25:59,2003-03-29,09:23:11,2452727.8911,30.0,1.05,K,K,,,,missingreplog_J16358-4726.csv,,,Data replog,,,J16358-4726,True,IR
ir030328.0397        [0,J16358-4726,16:35:48.0,-47:25:59,2003-03-29,09:22:19,2452727.8905,30.1,1.05,K,K,,,,missingreplog_J16358-4726.csv,,,Data replog,,,J16358-4726,True,IR
ir030326.0403        [0,J16358-4726,16:35:47.9,-47:25:58,2003-03-27,07:50:53,2452725.827,4.0,1.08,K,K,,,,missingreplog_J16358-4726.csv,,,Data replog,,,J16358-4726,True,IR
ir030326.0402        [0,J16358-4726,16:35:47.9,-47:25:58,2003-03-27,07:50:26,2452725.8267,4.0,1.08,K,K,,,,missingreplog_J16358-4726.csv,,,Data replog,,,J16358-4726,True,IR
ir030326.0401        [0,J16358-4726,16:35:47.9,-47:25:58,2003-03-27,07:50:00,2452725.8264,4.0,1.08,K,K,,,,missingreplog_J16358-4726.csv,,,Data replog,,,J16358-4726,True,IR
ir030326.0400        [0,J16358-4726,16:35:47.9,-47:25:58,2003-03-27,07:49:34,2452725.8261,4.0,1.08,K,K,,,,missingreplog_J16358-4726.csv,,,Data replog,,,J16358-4726,True,IR
ir030326.0399        [0,J16358-4726,16:35:47.9,-47:25:58,2003-03-27,07:49:07,2452725.8258,4.0,1.08,K,K,,,,missingreplog_J16358-4726.csv,,,Data replog,,,J16358-4726,True,IR
ir030326.0398        [0,J16358-4726,16:35:47.9,-47:25:58,2003-03-27,07:48:41,2452725.8255,4.0,1.08,K,K,,,,missingreplog_J16358-4726.csv,,,Data replog,,,J16358-4726,True,IR
ir030326.0397        [0,J16358-4726,16:35:47.9,-47:25:59,2003-03-27,07:48:15,2452725.8252,4.0,1.08,K,K,,,,missingreplog_J16358-4726.csv,,,Data replog,,,J16358-4726,True,IR
ir030326.0396        [0,J16358-4726,16:35:47.9,-47:25:58,2003-03-27,07:47:48,2452725.8249,4.0,1.08,K,K,,,,missingreplog_J16358-4726.csv,,,Data replog,,,J16358-4726,True,IR
ir030326.0394        [0,J16358-4726,16:35:47.9,-47:25:59,2003-03-27,07:46:55,2452725.8243,4.0,1.08,K,K,,,,missingreplog_J16358-4726.csv,,,Data replog,,,J16358-4726,True,IR
ir030408.0256        [0,J16358-4726,16:35:48.0,-47:25:59,2003-04-09,07:14:50,2452738.802,30.0,1.07,K,K,,,,missingreplog_J16358-4726.csv,,,Data replog,,,J16358-4726,True,IR
ir030325.0373        [0,J16358-4726,16:35:48.0,-47:26:0.,2003-03-26,09:27:12,2452724.8939,30.1,1.05,K,K,,,,missingreplog_J16358-4726.csv,,,Data replog,,,J16358-4726,True,IR
ir030325.0372        [0,J16358-4726,16:35:48.0,-47:26:0.,2003-03-26,09:26:19,2452724.8933,30.1,1.05,K,K,,,,missingreplog_J16358-4726.csv,,,Data replog,,,J16358-4726,True,IR
ir030325.0371        [0,J16358-4726,16:35:48.0,-47:25:59,2003-03-26,09:25:27,2452724.8927,30.0,1.05,K,K,,,,missingreplog_J16358-4726.csv,,,Data replog,,,J16358-4726,True,IR
ir030325.0370        [0,J16358-4726,16:35:48.0,-47:26:0.,2003-03-26,09:24:35,2452724.8921,30.0,1.05,K,K,,,,missingreplog_J16358-4726.csv,,,Data replog,,,J16358-4726,True,IR
ir030325.0369        [0,J16358-4726,16:35:48.0,-47:26:0.,2003-03-26,09:23:42,2452724.8915,30.0,1.05,K,K,,,,missingreplog_J16358-4726.csv,,,Data replog,,,J16358-4726,True,IR
ir030325.0368        [0,J16358-4726,16:35:48.0,-47:25:59,2003-03-26,09:22:50,2452724.8909,30.1,1.05,K,K,,,,missingreplog_J16358-4726.csv,,,Data replog,,,J16358-4726,True,IR
ir030325.0367        [0,J16358-4726,16:35:48.0,-47:25:59,2003-03-26,09:21:58,2452724.8903,30.0,1.05,K,K,,,,missingreplog_J16358-4726.csv,,,Data replog,,,J16358-4726,True,IR
ir030325.0366        [0,J16358-4726,16:35:48.0,-47:25:59,2003-03-26,09:21:04,2452724.8896,30.0,1.05,K,K,,,,missingreplog_J16358-4726.csv,,,Data replog,,,J16358-4726,True,IR
ir030325.0365        [0,J16358-4726,16:35:48.0,-47:26:0.,2003-03-26,09:20:11,2452724.889,30.0,1.05,K,K,,,,missingreplog_J16358-4726.csv,,,Data replog,,,J16358-4726,True,IR
ir030325.0364        [0,J16358-4726,16:35:48.0,-47:25:59,2003-03-26,09:19:19,2452724.8884,30.1,1.05,K,K,,,,missingreplog_J16358-4726.csv,,,Data replog,,,J16358-4726,True,IR
ir030324.0454      [08:,J16358-4726,16:35:48.0,-47:26:0.,2003-03-25,08:38:06,2452723.8598,30.1,1.05,K,K,,,,missingreplog_J16358-4726.csv,,,Data replog,,,J16358-4726,True,IR
ir030328.0400        [0,J16358-4726,16:35:48.0,-47:25:59,2003-03-29,09:24:58,2452727.8923,30.1,1.05,K,K,,,,missingreplog_J16358-4726.csv,,,Data replog,,,J16358-4726,True,IR
ir030328.0401        [0,J16358-4726,16:35:48.0,-47:26:0.,2003-03-29,09:25:50,2452727.8929,30.1,1.05,K,K,,,,missingreplog_J16358-4726.csv,,,Data replog,,,J16358-4726,True,IR
ir030328.0402        [0,J16358-4726,16:35:48.0,-47:25:59,2003-03-29,09:26:42,2452727.8936,30.0,1.05,K,K,,,,missingreplog_J16358-4726.csv,,,Data replog,,,J16358-4726,True,IR
ir030328.0403        [0,J16358-4726,16:35:48.1,-47:25:59,2003-03-29,09:27:36,2452727.8942,30.0,1.06,K,K,,,,missingreplog_J16358-4726.csv,,,Data replog,,,J16358-4726,True,IR
ir030406.0213        [0,J16358-4726,16:35:48.1,-47:26:0.,2003-04-07,07:48:34,2452736.8254,30.1,1.05,K,K,,,,missingreplog_J16358-4726.csv,,,Data replog,,,J16358-4726,True,IR
ir030406.0212        [0,J16358-4726,16:35:48.1,-47:26:0.,2003-04-07,07:47:41,2452736.8248,30.0,1.05,K,K,,,,missingreplog_J16358-4726.csv,,,Data replog,,,J16358-4726,True,IR
ir030406.0211        [0,J16358-4726,16:35:48.1,-47:26:0.,2003-04-07,07:46:49,2452736.8242,30.0,1.05,K,K,,,,missingreplog_J16358-4726.csv,,,Data replog,,,J16358-4726,True,IR
ir030406.0210        [0,J16358-4726,16:35:48.0,-47:26:0.,2003-04-07,07:45:57,2452736.8236,30.0,1.05,K,K,,,,missingreplog_J16358-4726.csv,,,Data replog,,,J16358-4726,True,IR
ir030406.0209        [0,J16358-4726,16:35:48.0,-47:25:59,2003-04-07,07:45:04,2452736.823,30.0,1.06,K,K,,,,missingreplog_J16358-4726.csv,,,Data replog,,,J16358-4726,True,IR
ir030406.0208        [0,J16358-4726,16:35:48.0,-47:25:59,2003-04-07,07:44:11,2452736.8224,30.0,1.06,K,K,,,,missingreplog_J16358-4726.csv,,,Data replog,,,J16358-4726,True,IR
ir030406.0207        [0,J16358-4726,16:35:48.0,-47:25:59,2003-04-07,07:43:19,2452736.8218,30.0,1.06,K,K,,,,missingreplog_J16358-4726.csv,,,Data replog,,,J16358-4726,True,IR
ir030406.0206        [0,J16358-4726,16:35:48.0,-47:25:59,2003-04-07,07:42:26,2452736.8211,30.1,1.06,K,K,,,,missingreplog_J16358-4726.csv,,,Data replog,,,J16358-4726,True,IR
ir030406.0205        [0,J16358-4726,16:35:47.9,-47:25:59,2003-04-07,07:41:33,2452736.8205,30.1,1.06,K,K,,,,missingreplog_J16358-4726.csv,,,Data replog,,,J16358-4726,True,IR
ir030406.0204        [0,J16358-4726,16:35:47.9,-47:26:0.,2003-04-07,07:40:41,2452736.8199,30.0,1.06,K,K,,,,missingreplog_J16358-4726.csv,,,Data replog,,,J16358-4726,True,IR
ir030402.0302        [0,J16358-4726,16:35:47.4,-47:25:49,2003-04-03,07:23:24,2452732.8079,30.0,1.08,K,K,,,,missingreplog_J16358-4726.csv,,,Data replog,,,J16358-4726,True,IR
ir030402.0301        [0,J16358-4726,16:35:47.4,-47:25:48,2003-04-03,07:22:31,2452732.8073,30.1,1.08,K,K,,,,missingreplog_J16358-4726.csv,,,Data replog,,,J16358-4726,True,IR
ir030402.0300        [0,J16358-4726,16:35:47.4,-47:25:49,2003-04-03,07:21:38,2452732.8067,30.1,1.08,K,K,,,,missingreplog_J16358-4726.csv,,,Data replog,,,J16358-4726,True,IR
ir030402.0299        [0,J16358-4726,16:35:47.4,-47:25:49,2003-04-03,07:20:46,2452732.8061,30.0,1.08,K,K,,,,missingreplog_J16358-4726.csv,,,Data replog,,,J16358-4726,True,IR
ir030402.0298        [0,J16358-4726,16:35:47.4,-47:25:48,2003-04-03,07:19:53,2452732.8055,30.0,1.08,K,K,,,,missingreplog_J16358-4726.csv,,,Data replog,,,J16358-4726,True,IR
ir030402.0297        [0,J16358-4726,16:35:47.5,-47:25:49,2003-04-03,07:19:00,2452732.8049,30.0,1.08,K,K,,,,missingreplog_J16358-4726.csv,,,Data replog,,,J16358-4726,True,IR
ir030402.0296        [0,J16358-4726,16:35:47.5,-47:25:49,2003-04-03,07:18:08,2452732.8043,30.0,1.08,K,K,,,,missingreplog_J16358-4726.csv,,,Data replog,,,J16358-4726,True,IR
ir030402.0295        [0,J16358-4726,16:35:47.5,-47:25:49,2003-04-03,07:17:15,2452732.8037,30.0,1.09,K,K,,,,missingreplog_J16358-4726.csv,,,Data replog,,,J16358-4726,True,IR
ir030402.0294        [0,J16358-4726,16:35:47.7,-47:25:54,2003-04-03,07:16:22,2452732.803,30.0,1.09,K,K,,,,missingreplog_J16358-4726.csv,,,Data replog,,,J16358-4726,True,IR
ir030402.0293        [0,J16358-4726,16:35:47.9,-47:25:59,2003-04-03,07:15:30,2452732.8024,30.0,1.09,K,K,,,,missingreplog_J16358-4726.csv,,,Data replog,,,J16358-4726,True,IR
ir030328.0406        [0,J16358-4726,16:35:48.1,-47:26:0.,2003-03-29,09:30:13,2452727.896,30.0,1.06,K,K,,,,missingreplog_J16358-4726.csv,,,Data replog,,,J16358-4726,True,IR
ir030328.0405        [0,J16358-4726,16:35:48.1,-47:26:0.,2003-03-29,09:29:20,2452727.8954,30.1,1.06,K,K,,,,missingreplog_J16358-4726.csv,,,Data replog,,,J16358-4726,True,IR
ir030328.0404        [0,J16358-4726,16:35:48.1,-47:25:59,2003-03-29,09:28:27,2452727.8948,30.1,1.06,K,K,,,,missingreplog_J16358-4726.csv,,,Data replog,,,J16358-4726,True,IR
ir030324.0453      [08:,J16358-4726,16:35:48.0,-47:26:0.,2003-03-25,08:37:13,2452723.8592,30.1,1.05,K,K,,,,missingreplog_J16358-4726.csv,,,Data replog,,,J16358-4726,True,IR
ir030324.0452      [08:,J16358-4726,16:35:48.0,-47:26:0.,2003-03-25,08:36:22,2452723.8586,30.1,1.05,K,K,,,,missingreplog_J16358-4726.csv,,,Data replog,,,J16358-4726,True,IR
ir030324.0451      [08:,J16358-4726,16:35:48.0,-47:26:0.,2003-03-25,08:35:29,2452723.858,30.0,1.06,K,K,,,,missingreplog_J16358-4726.csv,,,Data replog,,,J16358-4726,True,IR
ir030324.0450      [08:,J16358-4726,16:35:48.0,-47:26:0.,2003-03-25,08:34:37,2452723.8574,30.1,1.06,K,K,,,,missingreplog_J16358-4726.csv,,,Data replog,,,J16358-4726,True,IR
ir030324.0449      [08:,J16358-4726,16:35:48.0,-47:26:0.,2003-03-25,08:33:44,2452723.8568,30.0,1.06,K,K,,,,missingreplog_J16358-4726.csv,,,Data replog,,,J16358-4726,True,IR
ir030324.0448      [08:,J16358-4726,16:35:48.0,-47:26:0.,2003-03-25,08:32:52,2452723.8562,30.0,1.06,K,K,,,,missingreplog_J16358-4726.csv,,,Data replog,,,J16358-4726,True,IR
ir030324.0447      [08:,J16358-4726,16:35:47.9,-47:26:0.,2003-03-25,08:31:59,2452723.8555,30.0,1.06,K,K,,,,missingreplog_J16358-4726.csv,,,Data replog,,,J16358-4726,True,IR
ir030324.0446      [08:,J16358-4726,16:35:47.9,-47:26:0.,2003-03-25,08:31:07,2452723.8549,30.1,1.06,K,K,,,,missingreplog_J16358-4726.csv,,,Data replog,,,J16358-4726,True,IR
ir030324.0445      [08:,J16358-4726,16:35:47.9,-47:26:0.,2003-03-25,08:30:14,2452723.8543,30.1,1.06,K,K,,,,missingreplog_J16358-4726.csv,,,Data replog,,,J16358-4726,True,IR
ir030408.0259.fits.gz,J16358-4726,16:35:48.05,-47:26:0.1,2003-04-09,07:17:28,2452738.8038,30.05,1.07,V,K,1762,2107,2430,IR_CD_header_logs/LOG_J16358-4726.20030324thru20030411.csv,IR_CD_header_logs/,J16358-4726,CD,YALE-03A-0001,,J16358-4726,True,IR
ir030408.0263.fits.gz,J16358-4726,16:35:48.11,-47:26:0.3,2003-04-09,07:20:57,2452738.80622,30.05,1.06,V,K,1732,2137,2430,IR_CD_header_logs/LOG_J16358-4726.20030324thru20030411.csv,IR_CD_header_logs/,J16358-4726,CD,YALE-03A-0001,,J16358-4726,True,IR
ir030408.0261.fits.gz,J16358-4726,16:35:48.07,-47:26:0.3,2003-04-09,07:19:13,2452738.80501,30.04,1.06,V,K,1762,2137,2400,IR_CD_header_logs/LOG_J16358-4726.20030324thru20030411.csv,IR_CD_header_logs/,J16358-4726,CD,YALE-03A-0001,,J16358-4726,True,IR
ir030408.0262.fits.gz,J16358-4726,16:35:48.11,-47:26:0.3,2003-04-09,07:20:05,2452738.80562,30.04,1.06,V,K,1702,2167,2430,IR_CD_header_logs/LOG_J16358-4726.20030324thru20030411.csv,IR_CD_header_logs/,J16358-4726,CD,YALE-03A-0001,,J16358-4726,True,IR
ir030408.0264.fits.gz,J16358-4726,16:35:48.13,-47:26:0.6,2003-04-09,07:21:49,2452738.80682,30.05,1.06,V,K,1732,2167,2400,IR_CD_header_logs/LOG_J16358-4726.20030324thru20030411.csv,IR_CD_header_logs/,J16358-4726,CD,YALE-03A-0001,,J16358-4726,True,IR
ir030408.0265.fits.gz,J16358-4726,16:35:48.16,-47:26:0.6,2003-04-09,07:22:42,2452738.80743,30.04,1.06,V,K,1702,2137,2460,IR_CD_header_logs/LOG_J16358-4726.20030324thru20030411.csv,IR_CD_header_logs/,J16358-4726,CD,YALE-03A-0001,,J16358-4726,True,IR
ir030406.0208.fits.gz,J16358-4726,16:35:48.05,-47:25:59.9,2003-04-07,07:44:11,2452736.82236,30.04,1.06,I,K,1732,2107,2460,IR_CD_header_logs/LOG_J16358-4726.20030324thru20030411.csv,IR_CD_header_logs/,J16358-4726,CD,YALE-03A-0001,,J16358-4726,True,IR
ir030406.0204.fits.gz,J16358-4726,16:35:47.98,-47:26:0.0,2003-04-07,07:40:41,2452736.81993,30.04,1.06,I,K,1732,2137,2430,IR_CD_header_logs/LOG_J16358-4726.20030324thru20030411.csv,IR_CD_header_logs/,J16358-4726,CD,YALE-03A-0001,,J16358-4726,True,IR
ir030406.0205.fits.gz,J16358-4726,16:35:47.98,-47:25:59.6,2003-04-07,07:41:33,2452736.82053,30.05,1.06,I,K,1732,2167,2400,IR_CD_header_logs/LOG_J16358-4726.20030324thru20030411.csv,IR_CD_header_logs/,J16358-4726,CD,YALE-03A-0001,,J16358-4726,True,IR
ir030406.0206.fits.gz,J16358-4726,16:35:48.00,-47:25:59.9,2003-04-07,07:42:26,2452736.82114,30.05,1.06,I,K,1702,2137,2460,IR_CD_header_logs/LOG_J16358-4726.20030324thru20030411.csv,IR_CD_header_logs/,J16358-4726,CD,YALE-03A-0001,,J16358-4726,True,IR
ir030406.0207.fits.gz,J16358-4726,16:35:48.01,-47:25:59.8,2003-04-07,07:43:19,2452736.82175,30.04,1.06,I,K,1762,2107,2430,IR_CD_header_logs/LOG_J16358-4726.20030324thru20030411.csv,IR_CD_header_logs/,J16358-4726,CD,YALE-03A-0001,,J16358-4726,True,IR
ir030406.0211.fits.gz,J16358-4726,16:35:48.11,-47:26:0.0,2003-04-07,07:46:49,2452736.82418,30.04,1.05,I,K,1732,2137,2430,IR_CD_header_logs/LOG_J16358-4726.20030324thru20030411.csv,IR_CD_header_logs/,J16358-4726,CD,YALE-03A-0001,,J16358-4726,True,IR
ir030406.0209.fits.gz,J16358-4726,16:35:48.07,-47:25:59.8,2003-04-07,07:45:04,2452736.82297,30.04,1.06,I,K,1762,2137,2400,IR_CD_header_logs/LOG_J16358-4726.20030324thru20030411.csv,IR_CD_header_logs/,J16358-4726,CD,YALE-03A-0001,,J16358-4726,True,IR
ir030406.0210.fits.gz,J16358-4726,16:35:48.09,-47:26:0.0,2003-04-07,07:45:57,2452736.82358,30.04,1.05,I,K,1702,2167,2430,IR_CD_header_logs/LOG_J16358-4726.20030324thru20030411.csv,IR_CD_header_logs/,J16358-4726,CD,YALE-03A-0001,,J16358-4726,True,IR
ir030406.0212.fits.gz,J16358-4726,16:35:48.13,-47:26:0.3,2003-04-07,07:47:41,2452736.82479,30.04,1.05,I,K,1732,2167,2400,IR_CD_header_logs/LOG_J16358-4726.20030324thru20030411.csv,IR_CD_header_logs/,J16358-4726,CD,YALE-03A-0001,,J16358-4726,True,IR
ir030406.0213.fits.gz,J16358-4726,16:35:48.14,-47:26:0.3,2003-04-07,07:48:34,2452736.8254,30.05,1.05,I,K,1702,2137,2460,IR_CD_header_logs/LOG_J16358-4726.20030324thru20030411.csv,IR_CD_header_logs/,J16358-4726,CD,YALE-03A-0001,,J16358-4726,True,IR
ir030402.0293.fits.gz,J16358-4726,16:35:47.96,-47:25:59.0,2003-04-03,07:15:30,2452732.80244,30.04,1.09,V,K,1732,2137,2430,IR_CD_header_logs/LOG_J16358-4726.20030324thru20030411.csv,IR_CD_header_logs/,J16358-4726,CD,YALE-03A-0001,,J16358-4726,True,IR
ir030408.0258.fits.gz,J16358-4726,16:35:48.01,-47:26:0.1,2003-04-09,07:16:35,2452738.80318,30.04,1.07,V,K,1702,2137,2460,IR_CD_header_logs/LOG_J16358-4726.20030324thru20030411.csv,IR_CD_header_logs/,J16358-4726,CD,YALE-03A-0001,,J16358-4726,True,IR
ir030408.0257.fits.gz,J16358-4726,16:35:48.01,-47:26:0.2,2003-04-09,07:15:42,2452738.80257,30.04,1.07,V,K,1732,2167,2400,IR_CD_header_logs/LOG_J16358-4726.20030324thru20030411.csv,IR_CD_header_logs/,J16358-4726,CD,YALE-03A-0001,,J16358-4726,True,IR
ir030408.0256.fits.gz,J16358-4726,16:35:48.00,-47:25:59.9,2003-04-09,07:14:50,2452738.80197,30.04,1.07,V,K,1732,2137,2430,IR_CD_header_logs/LOG_J16358-4726.20030324thru20030411.csv,IR_CD_header_logs/,J16358-4726,CD,YALE-03A-0001,,J16358-4726,True,IR
ir030410.0316.fits.gz,J16358-4726,16:35:48.13,-47:25:59.1,2003-04-11,07:24:15,2452740.80851,30.04,1.06,V,K,1732,2137,2430,IR_CD_header_logs/LOG_J16358-4726.20030324thru20030411.csv,IR_CD_header_logs/,J16358-4726,CD,YALE-03A-0001,,J16358-4726,True,IR
ir030410.0318.fits.gz,J16358-4726,16:35:48.18,-47:25:59.1,2003-04-11,07:25:59,2452740.80972,30.04,1.06,V,K,1702,2137,2460,IR_CD_header_logs/LOG_J16358-4726.20030324thru20030411.csv,IR_CD_header_logs/,J16358-4726,CD,YALE-03A-0001,,J16358-4726,True,IR
ir030410.0315.fits.gz,J16358-4726,16:35:48.12,-47:25:59.2,2003-04-11,07:23:22,2452740.8079,30.04,1.06,V,K,1702,2167,2430,IR_CD_header_logs/LOG_J16358-4726.20030324thru20030411.csv,IR_CD_header_logs/,J16358-4726,CD,YALE-03A-0001,,J16358-4726,True,IR
ir030408.0260.fits.gz,J16358-4726,16:35:48.04,-47:26:0.4,2003-04-09,07:18:20,2452738.8044,30.04,1.07,V,K,1732,2107,2460,IR_CD_header_logs/LOG_J16358-4726.20030324thru20030411.csv,IR_CD_header_logs/,J16358-4726,CD,YALE-03A-0001,,J16358-4726,True,IR
ir030410.0314.fits.gz,J16358-4726,16:35:48.10,-47:25:59.1,2003-04-11,07:22:30,2452740.80729,30.04,1.06,V,K,1762,2137,2400,IR_CD_header_logs/LOG_J16358-4726.20030324thru20030411.csv,IR_CD_header_logs/,J16358-4726,CD,YALE-03A-0001,,J16358-4726,True,IR
ir030410.0313.fits.gz,J16358-4726,16:35:48.07,-47:25:59.1,2003-04-11,07:21:37,2452740.80668,30.04,1.06,V,K,1732,2107,2460,IR_CD_header_logs/LOG_J16358-4726.20030324thru20030411.csv,IR_CD_header_logs/,J16358-4726,CD,YALE-03A-0001,,J16358-4726,True,IR
ir030410.0312.fits.gz,J16358-4726,16:35:48.05,-47:25:59.2,2003-04-11,07:20:45,2452740.80609,30.05,1.06,V,K,1762,2107,2430,IR_CD_header_logs/LOG_J16358-4726.20030324thru20030411.csv,IR_CD_header_logs/,J16358-4726,CD,YALE-03A-0001,,J16358-4726,True,IR
ir030410.0311.fits.gz,J16358-4726,16:35:48.02,-47:25:59.1,2003-04-11,07:19:53,2452740.80547,30.05,1.06,V,K,1702,2137,2460,IR_CD_header_logs/LOG_J16358-4726.20030324thru20030411.csv,IR_CD_header_logs/,J16358-4726,CD,YALE-03A-0001,,J16358-4726,True,IR
ir030410.0310.fits.gz,J16358-4726,16:35:48.01,-47:25:59.2,2003-04-11,07:19:00,2452740.80486,30.04,1.06,V,K,1732,2167,2400,IR_CD_header_logs/LOG_J16358-4726.20030324thru20030411.csv,IR_CD_header_logs/,J16358-4726,CD,YALE-03A-0001,,J16358-4726,True,IR
ir030410.0309.fits.gz,J16358-4726,16:35:47.99,-47:25:59.9,2003-04-11,07:18:08,2452740.80426,30.05,1.06,V,K,1732,2137,2430,IR_CD_header_logs/LOG_J16358-4726.20030324thru20030411.csv,IR_CD_header_logs/,J16358-4726,CD,YALE-03A-0001,,J16358-4726,True,IR
ir030410.0317.fits.gz,J16358-4726,16:35:48.15,-47:25:59.0,2003-04-11,07:25:06,2452740.80911,30.04,1.06,V,K,1732,2167,2400,IR_CD_header_logs/LOG_J16358-4726.20030324thru20030411.csv,IR_CD_header_logs/,J16358-4726,CD,YALE-03A-0001,,J16358-4726,True,IR
ir030402.0295.fits.gz,J16358-4726,16:35:47.50,-47:25:49.3,2003-04-03,07:17:15,2452732.80365,30.04,1.09,V,K,1702,2137,2460,IR_CD_header_logs/LOG_J16358-4726.20030324thru20030411.csv,IR_CD_header_logs/,J16358-4726,CD,YALE-03A-0001,,J16358-4726,True,IR
ir030402.0294.fits.gz,J16358-4726,16:35:47.76,-47:25:54.2,2003-04-03,07:16:22,2452732.80304,30.04,1.09,V,K,1732,2167,2400,IR_CD_header_logs/LOG_J16358-4726.20030324thru20030411.csv,IR_CD_header_logs/,J16358-4726,CD,YALE-03A-0001,,J16358-4726,True,IR
ir030402.0296.fits.gz,J16358-4726,16:35:47.50,-47:25:49.1,2003-04-03,07:18:08,2452732.80427,30.04,1.08,V,K,1762,2107,2430,IR_CD_header_logs/LOG_J16358-4726.20030324thru20030411.csv,IR_CD_header_logs/,J16358-4726,CD,YALE-03A-0001,,J16358-4726,True,IR
ir030402.0297.fits.gz,J16358-4726,16:35:47.52,-47:25:49.3,2003-04-03,07:19:00,2452732.80487,30.04,1.08,V,K,1732,2107,2460,IR_CD_header_logs/LOG_J16358-4726.20030324thru20030411.csv,IR_CD_header_logs/,J16358-4726,CD,YALE-03A-0001,,J16358-4726,True,IR
ir030324.0448.fits.gz,J16358-4726,16:35:48.00,-47:26:0.1,2003-03-25,08:32:52,2452723.85617,30.04,1.06,I,K,1762,2107,2430,IR_CD_header_logs/LOG_J16358-4726.20030324thru20030411.csv,IR_CD_header_logs/,J16358-4726,CD,YALE-03A-0001,,J16358-4726,True,IR
ir030326.0399.fits.gz,J16358-4726,16:35:47.91,-47:25:58.9,2003-03-27,07:49:07,2452725.82578,4.01,1.08,I,K,1762,2137,2400,IR_CD_header_logs/LOG_J16358-4726.20030324thru20030411.csv,IR_CD_header_logs/,J16358-4726,CD,YALE-03A-0001,,J16358-4726,True,IR
ir030326.0400.fits.gz,J16358-4726,16:35:47.92,-47:25:58.6,2003-03-27,07:49:34,2452725.82609,4.01,1.08,I,K,1702,2167,2430,IR_CD_header_logs/LOG_J16358-4726.20030324thru20030411.csv,IR_CD_header_logs/,J16358-4726,CD,YALE-03A-0001,,J16358-4726,True,IR
ir030326.0401.fits.gz,J16358-4726,16:35:47.92,-47:25:58.6,2003-03-27,07:50:00,2452725.82639,4.0,1.08,I,K,1732,2137,2430,IR_CD_header_logs/LOG_J16358-4726.20030324thru20030411.csv,IR_CD_header_logs/,J16358-4726,CD,YALE-03A-0001,,J16358-4726,True,IR
ir030326.0402.fits.gz,J16358-4726,16:35:47.90,-47:25:58.6,2003-03-27,07:50:26,2452725.82669,4.01,1.08,I,K,1732,2167,2400,IR_CD_header_logs/LOG_J16358-4726.20030324thru20030411.csv,IR_CD_header_logs/,J16358-4726,CD,YALE-03A-0001,,J16358-4726,True,IR
ir030326.0403.fits.gz,J16358-4726,16:35:47.90,-47:25:58.6,2003-03-27,07:50:53,2452725.82701,4.01,1.08,I,K,1702,2137,2460,IR_CD_header_logs/LOG_J16358-4726.20030324thru20030411.csv,IR_CD_header_logs/,J16358-4726,CD,YALE-03A-0001,,J16358-4726,True,IR
ir030325.0368.fits.gz,J16358-4726,16:35:48.01,-47:25:59.9,2003-03-26,09:22:50,2452724.89086,30.05,1.05,I,K,1732,2107,2460,IR_CD_header_logs/LOG_J16358-4726.20030324thru20030411.csv,IR_CD_header_logs/,J16358-4726,CD,YALE-03A-0001,,J16358-4726,True,IR
ir030325.0364.fits.gz,J16358-4726,16:35:48.02,-47:25:59.9,2003-03-26,09:19:19,2452724.88842,30.05,1.05,I,K,1732,2137,2430,IR_CD_header_logs/LOG_J16358-4726.20030324thru20030411.csv,IR_CD_header_logs/,J16358-4726,CD,YALE-03A-0001,,J16358-4726,True,IR
ir030325.0365.fits.gz,J16358-4726,16:35:48.01,-47:26:0.1,2003-03-26,09:20:11,2452724.88902,30.04,1.05,I,K,1732,2167,2400,IR_CD_header_logs/LOG_J16358-4726.20030324thru20030411.csv,IR_CD_header_logs/,J16358-4726,CD,YALE-03A-0001,,J16358-4726,True,IR
ir030325.0367.fits.gz,J16358-4726,16:35:48.01,-47:25:59.9,2003-03-26,09:21:58,2452724.89025,30.04,1.05,I,K,1762,2107,2430,IR_CD_header_logs/LOG_J16358-4726.20030324thru20030411.csv,IR_CD_header_logs/,J16358-4726,CD,YALE-03A-0001,,J16358-4726,True,IR
ir030325.0366.fits.gz,J16358-4726,16:35:48.02,-47:25:59.9,2003-03-26,09:21:04,2452724.88964,30.04,1.05,I,K,1702,2137,2460,IR_CD_header_logs/LOG_J16358-4726.20030324thru20030411.csv,IR_CD_header_logs/,J16358-4726,CD,YALE-03A-0001,,J16358-4726,True,IR
ir030325.0369.fits.gz,J16358-4726,16:35:48.00,-47:26:0.2,2003-03-26,09:23:42,2452724.89147,30.04,1.05,I,K,1762,2137,2400,IR_CD_header_logs/LOG_J16358-4726.20030324thru20030411.csv,IR_CD_header_logs/,J16358-4726,CD,YALE-03A-0001,,J16358-4726,True,IR
ir030325.0371.fits.gz,J16358-4726,16:35:48.03,-47:25:59.9,2003-03-26,09:25:27,2452724.89268,30.04,1.05,I,K,1732,2137,2430,IR_CD_header_logs/LOG_J16358-4726.20030324thru20030411.csv,IR_CD_header_logs/,J16358-4726,CD,YALE-03A-0001,,J16358-4726,True,IR
ir030325.0372.fits.gz,J16358-4726,16:35:48.02,-47:26:0.0,2003-03-26,09:26:19,2452724.89328,30.05,1.05,I,K,1732,2167,2400,IR_CD_header_logs/LOG_J16358-4726.20030324thru20030411.csv,IR_CD_header_logs/,J16358-4726,CD,YALE-03A-0001,,J16358-4726,True,IR
ir030325.0373.fits.gz,J16358-4726,16:35:48.03,-47:26:0.1,2003-03-26,09:27:12,2452724.89389,30.05,1.05,I,K,1702,2137,2460,IR_CD_header_logs/LOG_J16358-4726.20030324thru20030411.csv,IR_CD_header_logs/,J16358-4726,CD,YALE-03A-0001,,J16358-4726,True,IR
ir030325.0370.fits.gz,J16358-4726,16:35:48.01,-47:26:0.0,2003-03-26,09:24:35,2452724.89207,30.04,1.05,I,K,1702,2167,2430,IR_CD_header_logs/LOG_J16358-4726.20030324thru20030411.csv,IR_CD_header_logs/,J16358-4726,CD,YALE-03A-0001,,J16358-4726,True,IR
ir030324.0449.fits.gz,J16358-4726,16:35:48.00,-47:26:0.2,2003-03-25,08:33:44,2452723.85677,30.04,1.06,I,K,1732,2107,2460,IR_CD_header_logs/LOG_J16358-4726.20030324thru20030411.csv,IR_CD_header_logs/,J16358-4726,CD,YALE-03A-0001,,J16358-4726,True,IR
ir030324.0445.fits.gz,J16358-4726,16:35:47.99,-47:26:0.0,2003-03-25,08:30:14,2452723.85434,30.05,1.06,I,K,1732,2137,2430,IR_CD_header_logs/LOG_J16358-4726.20030324thru20030411.csv,IR_CD_header_logs/,J16358-4726,CD,YALE-03A-0001,,J16358-4726,True,IR
ir030326.0397.fits.gz,J16358-4726,16:35:47.92,-47:25:59.0,2003-03-27,07:48:15,2452725.82518,4.01,1.08,I,K,1762,2107,2430,IR_CD_header_logs/LOG_J16358-4726.20030324thru20030411.csv,IR_CD_header_logs/,J16358-4726,CD,YALE-03A-0001,,J16358-4726,True,IR
ir030326.0396.fits.gz,J16358-4726,16:35:47.94,-47:25:58.7,2003-03-27,07:47:48,2452725.82487,4.01,1.08,I,K,1702,2137,2460,IR_CD_header_logs/LOG_J16358-4726.20030324thru20030411.csv,IR_CD_header_logs/,J16358-4726,CD,YALE-03A-0001,,J16358-4726,True,IR
ir030326.0395.fits.gz,J16358-4726,16:35:47.96,-47:25:58.9,2003-03-27,07:47:22,2452725.82456,4.01,1.08,I,K,1732,2167,2400,IR_CD_header_logs/LOG_J16358-4726.20030324thru20030411.csv,IR_CD_header_logs/,J16358-4726,CD,YALE-03A-0001,,J16358-4726,True,IR
ir030328.0399.fits.gz,J16358-4726,16:35:48.05,-47:25:59.7,2003-03-29,09:24:05,2452727.89173,30.05,1.05,I,K,1702,2137,2460,IR_CD_header_logs/LOG_J16358-4726.20030324thru20030411.csv,IR_CD_header_logs/,J16358-4726,CD,YALE-03A-0001,,J16358-4726,True,IR
ir030402.0298.fits.gz,J16358-4726,16:35:47.49,-47:25:48.6,2003-04-03,07:19:53,2452732.80548,30.04,1.08,V,K,1762,2137,2400,IR_CD_header_logs/LOG_J16358-4726.20030324thru20030411.csv,IR_CD_header_logs/,J16358-4726,CD,YALE-03A-0001,,J16358-4726,True,IR
ir030402.0299.fits.gz,J16358-4726,16:35:47.47,-47:25:49.0,2003-04-03,07:20:46,2452732.8061,30.04,1.08,V,K,1702,2167,2430,IR_CD_header_logs/LOG_J16358-4726.20030324thru20030411.csv,IR_CD_header_logs/,J16358-4726,CD,YALE-03A-0001,,J16358-4726,True,IR
ir030402.0300.fits.gz,J16358-4726,16:35:47.46,-47:25:49.0,2003-04-03,07:21:38,2452732.8067,30.05,1.08,V,K,1732,2137,2430,IR_CD_header_logs/LOG_J16358-4726.20030324thru20030411.csv,IR_CD_header_logs/,J16358-4726,CD,YALE-03A-0001,,J16358-4726,True,IR
ir030402.0301.fits.gz,J16358-4726,16:35:47.47,-47:25:48.9,2003-04-03,07:22:31,2452732.8073,30.05,1.08,V,K,1732,2167,2400,IR_CD_header_logs/LOG_J16358-4726.20030324thru20030411.csv,IR_CD_header_logs/,J16358-4726,CD,YALE-03A-0001,,J16358-4726,True,IR
ir030402.0302.fits.gz,J16358-4726,16:35:47.44,-47:25:49.0,2003-04-03,07:23:24,2452732.80792,30.04,1.08,V,K,1702,2137,2460,IR_CD_header_logs/LOG_J16358-4726.20030324thru20030411.csv,IR_CD_header_logs/,J16358-4726,CD,YALE-03A-0001,,J16358-4726,True,IR
ir030328.0397.fits.gz,J16358-4726,16:35:48.00,-47:25:59.9,2003-03-29,09:22:19,2452727.89051,30.05,1.05,I,K,1732,2137,2430,IR_CD_header_logs/LOG_J16358-4726.20030324thru20030411.csv,IR_CD_header_logs/,J16358-4726,CD,YALE-03A-0001,,J16358-4726,True,IR
ir030328.0398.fits.gz,J16358-4726,16:35:48.05,-47:25:59.6,2003-03-29,09:23:11,2452727.89111,30.04,1.05,I,K,1732,2167,2400,IR_CD_header_logs/LOG_J16358-4726.20030324thru20030411.csv,IR_CD_header_logs/,J16358-4726,CD,YALE-03A-0001,,J16358-4726,True,IR
ir030328.0400.fits.gz,J16358-4726,16:35:48.05,-47:25:59.9,2003-03-29,09:24:58,2452727.89234,30.05,1.05,I,K,1762,2107,2430,IR_CD_header_logs/LOG_J16358-4726.20030324thru20030411.csv,IR_CD_header_logs/,J16358-4726,CD,YALE-03A-0001,,J16358-4726,True,IR
ir030326.0394.fits.gz,J16358-4726,16:35:47.97,-47:25:59.1,2003-03-27,07:46:55,2452725.82426,4.01,1.08,I,K,1732,2137,2430,IR_CD_header_logs/LOG_J16358-4726.20030324thru20030411.csv,IR_CD_header_logs/,J16358-4726,CD,YALE-03A-0001,,J16358-4726,True,IR
ir030328.0401.fits.gz,J16358-4726,16:35:48.07,-47:26:0.0,2003-03-29,09:25:50,2452727.89294,30.05,1.05,I,K,1732,2107,2460,IR_CD_header_logs/LOG_J16358-4726.20030324thru20030411.csv,IR_CD_header_logs/,J16358-4726,CD,YALE-03A-0001,,J16358-4726,True,IR
ir030328.0402.fits.gz,J16358-4726,16:35:48.09,-47:25:59.0,2003-03-29,09:26:42,2452727.89355,30.04,1.05,I,K,1762,2137,2400,IR_CD_header_logs/LOG_J16358-4726.20030324thru20030411.csv,IR_CD_header_logs/,J16358-4726,CD,YALE-03A-0001,,J16358-4726,True,IR
ir030328.0404.fits.gz,J16358-4726,16:35:48.14,-47:25:59.9,2003-03-29,09:28:27,2452727.89477,30.05,1.06,I,K,1732,2137,2430,IR_CD_header_logs/LOG_J16358-4726.20030324thru20030411.csv,IR_CD_header_logs/,J16358-4726,CD,YALE-03A-0001,,J16358-4726,True,IR
ir030328.0405.fits.gz,J16358-4726,16:35:48.17,-47:26:0.2,2003-03-29,09:29:20,2452727.89537,30.05,1.06,I,K,1732,2167,2400,IR_CD_header_logs/LOG_J16358-4726.20030324thru20030411.csv,IR_CD_header_logs/,J16358-4726,CD,YALE-03A-0001,,J16358-4726,True,IR
ir030328.0406.fits.gz,J16358-4726,16:35:48.17,-47:26:0.2,2003-03-29,09:30:13,2452727.89599,30.04,1.06,I,K,1702,2137,2460,IR_CD_header_logs/LOG_J16358-4726.20030324thru20030411.csv,IR_CD_header_logs/,J16358-4726,CD,YALE-03A-0001,,J16358-4726,True,IR
ir030328.0403.fits.gz,J16358-4726,16:35:48.11,-47:25:59.9,2003-03-29,09:27:36,2452727.89417,30.04,1.06,I,K,1702,2167,2430,IR_CD_header_logs/LOG_J16358-4726.20030324thru20030411.csv,IR_CD_header_logs/,J16358-4726,CD,YALE-03A-0001,,J16358-4726,True,IR
ir030326.0398.fits.gz,J16358-4726,16:35:47.91,-47:25:58.9,2003-03-27,07:48:41,2452725.82548,4.01,1.08,I,K,1732,2107,2460,IR_CD_header_logs/LOG_J16358-4726.20030324thru20030411.csv,IR_CD_header_logs/,J16358-4726,CD,YALE-03A-0001,,J16358-4726,True,IR
ir030324.0446.fits.gz,J16358-4726,16:35:47.97,-47:26:0.0,2003-03-25,08:31:07,2452723.85494,30.05,1.06,I,K,1732,2167,2400,IR_CD_header_logs/LOG_J16358-4726.20030324thru20030411.csv,IR_CD_header_logs/,J16358-4726,CD,YALE-03A-0001,,J16358-4726,True,IR
ir030324.0447.fits.gz,J16358-4726,16:35:47.98,-47:26:0.1,2003-03-25,08:31:59,2452723.85555,30.04,1.06,I,K,1702,2137,2460,IR_CD_header_logs/LOG_J16358-4726.20030324thru20030411.csv,IR_CD_header_logs/,J16358-4726,CD,YALE-03A-0001,,J16358-4726,True,IR
ir030324.0450.fits.gz,J16358-4726,16:35:48.01,-47:26:0.2,2003-03-25,08:34:37,2452723.85738,30.05,1.06,I,K,1762,2137,2400,IR_CD_header_logs/LOG_J16358-4726.20030324thru20030411.csv,IR_CD_header_logs/,J16358-4726,CD,YALE-03A-0001,,J16358-4726,True,IR
ir030323.0284.fits.gz,J16358-4726,16:35:48.07,-47:25:59.7,2003-03-24,08:15:00,2452722.84376,30.04,1.07,I,K,1702,2167,2430,IR_CD_header_logs/LOG_J16358-4726.20030324thru20030411.csv,IR_CD_header_logs/,J16358-4726,CD,YALE-03A-0001,,J16358-4726,True,IR
ir030324.0451.fits.gz,J16358-4726,16:35:48.03,-47:26:0.2,2003-03-25,08:35:29,2452723.85798,30.04,1.06,I,K,1702,2167,2430,IR_CD_header_logs/LOG_J16358-4726.20030324thru20030411.csv,IR_CD_header_logs/,J16358-4726,CD,YALE-03A-0001,,J16358-4726,True,IR
ir030324.0452.fits.gz,J16358-4726,16:35:48.03,-47:26:0.3,2003-03-25,08:36:22,2452723.85859,30.05,1.05,I,K,1732,2137,2430,IR_CD_header_logs/LOG_J16358-4726.20030324thru20030411.csv,IR_CD_header_logs/,J16358-4726,CD,YALE-03A-0001,,J16358-4726,True,IR
ir030324.0453.fits.gz,J16358-4726,16:35:48.05,-47:26:0.0,2003-03-25,08:37:13,2452723.85919,30.05,1.05,I,K,1732,2167,2400,IR_CD_header_logs/LOG_J16358-4726.20030324thru20030411.csv,IR_CD_header_logs/,J16358-4726,CD,YALE-03A-0001,,J16358-4726,True,IR
ir030324.0454.fits.gz,J16358-4726,16:35:48.06,-47:26:0.2,2003-03-25,08:38:06,2452723.8598,30.05,1.05,I,K,1702,2137,2460,IR_CD_header_logs/LOG_J16358-4726.20030324thru20030411.csv,IR_CD_header_logs/,J16358-4726,CD,YALE-03A-0001,,J16358-4726,True,IR
ir030323.0287.fits.gz,J16358-4726,16:35:48.09,-47:25:59.5,2003-03-24,08:17:37,2452722.84557,30.05,1.07,I,K,1702,2137,2460,IR_CD_header_logs/LOG_J16358-4726.20030324thru20030411.csv,IR_CD_header_logs/,J16358-4726,CD,YALE-03A-0001,,J16358-4726,True,IR
ir030323.0286.fits.gz,J16358-4726,16:35:48.07,-47:25:59.7,2003-03-24,08:16:44,2452722.84496,30.04,1.07,I,K,1732,2167,2400,IR_CD_header_logs/LOG_J16358-4726.20030324thru20030411.csv,IR_CD_header_logs/,J16358-4726,CD,YALE-03A-0001,,J16358-4726,True,IR
ir030323.0285.fits.gz,J16358-4726,16:35:48.08,-47:25:59.3,2003-03-24,08:15:52,2452722.84436,30.04,1.07,I,K,1732,2137,2430,IR_CD_header_logs/LOG_J16358-4726.20030324thru20030411.csv,IR_CD_header_logs/,J16358-4726,CD,YALE-03A-0001,,J16358-4726,True,IR
ir030323.0283.fits.gz,J16358-4726,16:35:48.05,-47:25:59.5,2003-03-24,08:14:08,2452722.84315,30.05,1.07,I,K,1762,2137,2400,IR_CD_header_logs/LOG_J16358-4726.20030324thru20030411.csv,IR_CD_header_logs/,J16358-4726,CD,YALE-03A-0001,,J16358-4726,True,IR
ir030323.0282.fits.gz,J16358-4726,16:35:48.06,-47:25:59.7,2003-03-24,08:13:15,2452722.84254,30.04,1.07,I,K,1732,2107,2460,IR_CD_header_logs/LOG_J16358-4726.20030324thru20030411.csv,IR_CD_header_logs/,J16358-4726,CD,YALE-03A-0001,,J16358-4726,True,IR
ir030323.0281.fits.gz,J16358-4726,16:35:48.05,-47:25:59.9,2003-03-24,08:12:23,2452722.84194,30.04,1.07,I,K,1762,2107,2430,IR_CD_header_logs/LOG_J16358-4726.20030324thru20030411.csv,IR_CD_header_logs/,J16358-4726,CD,YALE-03A-0001,,J16358-4726,True,IR
ir030323.0280.fits.gz,J16358-4726,16:35:48.04,-47:25:59.7,2003-03-24,08:11:30,2452722.84133,30.04,1.07,I,K,1702,2137,2460,IR_CD_header_logs/LOG_J16358-4726.20030324thru20030411.csv,IR_CD_header_logs/,J16358-4726,CD,YALE-03A-0001,,J16358-4726,True,IR
ir030323.0279.fits.gz,J16358-4726,16:35:48.02,-47:25:59.8,2003-03-24,08:10:38,2452722.84072,30.04,1.07,I,K,1732,2167,2400,IR_CD_header_logs/LOG_J16358-4726.20030324thru20030411.csv,IR_CD_header_logs/,J16358-4726,CD,YALE-03A-0001,,J16358-4726,True,IR
ir030323.0278.fits.gz,J16358-4726,16:35:48.01,-47:25:59.8,2003-03-24,08:09:46,2452722.84012,30.04,1.07,I,K,1732,2137,2430,IR_CD_header_logs/LOG_J16358-4726.20030324thru20030411.csv,IR_CD_header_logs/,J16358-4726,CD,YALE-03A-0001,,J16358-4726,True,IR
